id,created_at,text
937981765569806336,2017-12-05 09:47:34,RT @_pdas0ndi: this is the high quality content i expect from edison https://t.co/v5gazptHoM
936003744478650368,2017-11-29 22:47:37,@SherwinYu99 I will cry at the end of this movie for sure
934783289768005634,2017-11-26 13:57:58,@mashable https://t.co/1G9bFjgTU5
934782683196125189,2017-11-26 13:55:33,@mashable I think you forgot to add an article to this Snap story üò∂ https://t.co/cymp7t8EFH
933430296250261505,2017-11-22 20:21:39,People ask me all the time why I hype up Blockchain. The simplest answer: human rights - https://t.co/hxhfFY5TiJ
933429839222136832,2017-11-22 20:19:50,"RT @ImYourKid: If the world is gonna go to shit, lets at least have decent fucking internet as it does  https://t.co/D6iDev0htY"
933206523664146432,2017-11-22 05:32:28,RT @MKBHD: RT if this image makes you sick. This is what an internet without #NetNeutrality could look like. Can't believe this is actually‚Ä¶
927655028470382592,2017-11-06 21:52:48,"RT @CaseyNeistat: anyone who's ever run a marathon knows how real this is ‚ö°Ô∏è ‚ÄúAn unlikely hero at the New York City marathon‚Äù

https://t.co‚Ä¶"
926972408493309952,2017-11-05 00:40:19,@iamlucastrevor beautiful
926404538071883776,2017-11-03 11:03:48,RT @realDonaldTrump: My Twitter account was taken down for 11 minutes by a rogue employee. I guess the word must finally be getting out-and‚Ä¶
926396985690566656,2017-11-03 10:33:47,*pans to man wearing a tiny kippa and a poncho crushing Doritos over a keyboard* https://t.co/bGYTDzRiJJ
926256190971027456,2017-11-03 01:14:19,RT @franklinleonard: There is only one person mentioned in GOP tax plan and it‚Äôs Steph Curry. ü§¶üèæ‚Äç‚ôÇÔ∏è https://t.co/YynmtvNgyH
925182940723609600,2017-10-31 02:09:36,RT @eatjaredtweets: your toilet was the inspiration for redbone https://t.co/GipiALw9lq
925182319559786496,2017-10-31 02:07:08,RT @RogueNASA: Excuse us while we throw up. https://t.co/Weqol8l6Zj
925066436707467266,2017-10-30 18:26:40,@tkingpops it's been a rough month
924904042546868224,2017-10-30 07:41:22,RT @elonmusk: Just feed it The Godfather movies as input. What‚Äôs the worst that could happen? https://t.co/WX4Kx45csv
923412988882595840,2017-10-26 04:56:27,RT @AmyMorinLCSW: There's a big difference between being mentally strong and acting tough. #mentaltoughness #mentallystrong https://t.co/NZ‚Ä¶
922258509080576000,2017-10-23 00:28:57,"RT @nytimes: The Grade Schoolers Have Spoken: Out With Jefferson Davis, In With Obama https://t.co/jSpBAY8POU"
921594565785563136,2017-10-21 04:30:41,RT @AMJPublicHealth: New study: Colorado‚Äôs legalization of recreational #cannabis was associated w/reduction in opioid-related deaths https‚Ä¶
919810695385853952,2017-10-16 06:22:13,RT @21savage: I expect the unexpected to avoid disappointment
919564330881892352,2017-10-15 14:03:15,"RT @jeremycorbyn: Imagine an Uber run co-operatively by their drivers, collectively controlling their futures, with profits shared or re-in‚Ä¶"
917911487259148288,2017-10-11 00:35:27,"RT @ImYourKid: Again, haters: my ancestors brought cannabis down from the mountain 10,000 years ago. Yours invented prohibition. Sit. Down."
916250392966578176,2017-10-06 10:34:51,"Friend: hey man wake me up at 3
**goes to wake friend up at 3**
Friend's doggo: get the FUCK away from my master 

tldr almost lost my leg"
916021387805863936,2017-10-05 19:24:52,"RT @tim_cook: Remembering Steve today. Still with us, still inspiring us. ‚ÄúMake something wonderful, and put it out there.‚Äù https://t.co/7a‚Ä¶"
915835766684524546,2017-10-05 07:07:16,Verifying myself: I am meeshbhoombah on Keybase.io. U_SbEpzfs23TmnxK5biOSnZNH_5In_0nzGug / https://t.co/u4r86hZZcc
915651275739471872,2017-10-04 18:54:10,RT @ActionBronson: Good things happen to good people. Stop hating on the next person and get yours you fucking piece of shit.
915387887503384576,2017-10-04 01:27:34,RT @JerryAnytime: This guy just kneeled during the national anthem in the middle of a Buffalo Wild Wings
915387668661280768,2017-10-04 01:26:41,RT @BroHumors: I'm a terrible person for laughing  https://t.co/mTaxuQS2gY
915321367284682752,2017-10-03 21:03:14,"RT @ActionBronson: Leave the gun, take the cannolis."
915321347500212224,2017-10-03 21:03:09,"RT @Sethrogen: If you're offended by someone saying ""cracker"", it's a good indicator that you're a motherfucking cracker."
915115257961390080,2017-10-03 07:24:14,"my friends asked me to wake them up at 12 so i used an airhorn

now i have no friends"
914216121414295552,2017-09-30 19:51:23,walking into a dispensary for the first time and the weedman hits you with those first time patient deals https://t.co/U4W8r1vuEg
906875469475192832,2017-09-10 13:42:15,RT @RogueNASA: üò≥üò≥üò≥ https://t.co/1ra0YWyVaP
906042349423177728,2017-09-08 06:31:44,@SFPD Why is @united the cause of all airline related tomfoolery in this world https://t.co/5Pv87qPiHC
906041964495233024,2017-09-08 06:30:12,@SFPD pulled up on the tarmac for a United plane and now my flight is delayed from 9:30pm to 12:30am ... ü§î is u goo‚Ä¶ https://t.co/eyOWMWvc81
903051724205776896,2017-08-31 00:28:03,"RT @j0eymccullough: Black or white, we all jus some egg fr https://t.co/Dk3DyRmmdp"
902920049433956352,2017-08-30 15:44:49,RT @HammerFist3: I am a flat earther I am here to try to make you listen to Reason ! https://t.co/QC4hPEUkDO
902908463914856451,2017-08-30 14:58:47,RT @RogueNASA: If you think Obama was president during Hurricane Katrina we really do not know how to break reality to you. #harvey
901670234440036352,2017-08-27 04:58:30,RT @nytimes: Mayweather stops McGregor in the 10th https://t.co/zf7ofILLBQ
901669057744826368,2017-08-27 04:53:50,"RT @BleacherReport: Here. We. Go.

#MayweatherMcGregor https://t.co/VfVLxFIGKF"
901658124481957888,2017-08-27 04:10:23,"RT @douglax: Happy 26th birthday Linux!!!

Here's your fucking cake, go ahead and compile it yourself. https://t.co/18aZL45m28"
901587905747054593,2017-08-26 23:31:22,RT @_Lycurgus: this is what i believe https://t.co/evUjeRBK4w
900206792608821249,2017-08-23 04:03:19,"RT @NightlifeMingus: DO NOT READ IF YOU DIDNT STARE AT THE SUN
.
.
.
.
.
.
.
greetings fellow chosen ones, what shall we name the three new‚Ä¶"
900206676615327744,2017-08-23 04:02:51,RT @richchigga: i will call ur mom and tell her i love her https://t.co/BCmkMxOQ8C
897315192794755072,2017-08-15 04:33:07,"RT @MKBHD: *Opens inbox*

*clicks first email* https://t.co/Zt5Hjwjfmu"
897314963869532160,2017-08-15 04:32:13,@iamlucastrevor Cuba must've been a good time
893996061328584704,2017-08-06 00:44:05,RT @ScHoolboyQ: Tyler &amp; rocky didn't wanna get bodied..... https://t.co/wGrZMumvAO
893996003862482944,2017-08-06 00:43:51,"RT @MarsCuriosity: Five years ago tonight, I was rappelling out of a jetpack onto the surface of #Mars. Where were you? https://t.co/N8gLJM‚Ä¶"
891553044948803584,2017-07-30 06:56:24,RT @MKBHD: PRECISION COMPUTING https://t.co/pQw0Q0dGNT
891009137131311110,2017-07-28 18:55:07,"RT @Codecademy: There are 10 types of people in this world: those who understand programming humor and those who don't. Nice work, @10types‚Ä¶"
889305293900967936,2017-07-24 02:04:39,RT @sryimnate: pls never let this meme die https://t.co/V9B1ojg606
888508856732725248,2017-07-21 21:19:53,@iamlucastrevor hell yeah that's what I like to hear he shaped my taste in music https://t.co/KchSiXt84a
888071758754066436,2017-07-20 16:23:01,RT @oSVGEo: Nigga finna download the whole house https://t.co/5gtbZm9VhV
888070018956767232,2017-07-20 16:16:06,RT @verge: Valve patches exploit that allowed hackers to hijack computers by fragging opponents https://t.co/TAB3urM3xx https://t.co/SCamBh‚Ä¶
887868191912996865,2017-07-20 02:54:07,RT @ryan_p_higgins: Imagine someone saves you from a mugger and you look up and it's fucking Harry Potter https://t.co/kXg2GcjAFj
887443605748625408,2017-07-18 22:46:58,"RT @young_alaiyo: Remember Andre from Victorious? This is him now, feel old yet? https://t.co/GktvsULhDR"
887056051635449856,2017-07-17 21:06:58,RT @notpigsandplans: sesame street put @21savage in the latest episode so there's still hope for our youth https://t.co/ytOibKgdBp
886444541993267201,2017-07-16 04:37:02,RT @lilnekodinero: Someone needs take my dad phone üòÇüò≠üò≠üò≠ https://t.co/1xpqPza6js
886071729642250240,2017-07-15 03:55:37,RT @ScHoolboyQ: You guys r idiots @united HOW U PUT MY DOG ON THE WRONG FLIGHT???? I need answers
885159202427203584,2017-07-12 15:29:33,RT @jonnyhtyson: üòÇ https://t.co/arImRLfcfW
885158250542444544,2017-07-12 15:25:47,RT @alexdobie: Well that airbnb listing sure escalated quickly https://t.co/TcjdsZwysI
885024641466736640,2017-07-12 06:34:52,Pretty sure @tylerthecreator came out on his new album ü§ô he has been dropping hints for so long üòÇüòÇ
885022556192952321,2017-07-12 06:26:34,"RT @ComplexSports: DETAILS. 

via @vsrsus https://t.co/k64a3P4jBN"
884845350854545410,2017-07-11 18:42:25,RT @BillRatchet: i got high as shit and bought a violin and don't know what the fuck to do so i'm playing it like a guitar someone help me‚Ä¶
884823790206820352,2017-07-11 17:16:45,RT @RoguePOTUSStaff: Repeat this from here to eternity. https://t.co/mKCk356CvK
884823664956506121,2017-07-11 17:16:15,RT @JasperDolphin: ‚≠êÔ∏è https://t.co/mOBIrHppka
884823408890048512,2017-07-11 17:15:14,RT @TheDailyShow: https://t.co/BGmhKJr5cU
884352384801091584,2017-07-10 10:03:33,"RT @LNicoleR99: ""u won't"" https://t.co/nXwlthy5A8"
884352120534773760,2017-07-10 10:02:30,RT @verge: China plans to audit and ban online content if it‚Äôs not socialist enough https://t.co/N3YHIVQKQZ https://t.co/eRjCkaI0OY
884335990390874112,2017-07-10 08:58:24,RT @21savage: It's fucked up how so many people who don't know me and never met me wanna see me fail at everything I do in life..suck a aid‚Ä¶
884205855784226816,2017-07-10 00:21:18,RT @Sethrogen: This is a fucking great album. https://t.co/xH0mO0Sg4t
884204125424156672,2017-07-10 00:14:25,RT @MakeSchool: üíõ if this applies to you! #code https://t.co/DLrYaWYShv
883438546102702081,2017-07-07 21:32:17,RT @richchigga: @gina_rosin i am look at my instagram story i b in the studio n shit
883438468948529154,2017-07-07 21:31:59,"RT @MKBHD: Just drove basically an MKBHD Edition Mclaren 720S. If you have the money, I highly recommend it üòç@RDSAutoGroup https://t.co/foi‚Ä¶"
883281191067164672,2017-07-07 11:07:01,RT @50cent: I can't belive my grand mothers making me take Out the garbage I'm rich fuck this I'm going home I don't need this shit
882329622649745408,2017-07-04 20:05:49,RT @richchigga: nobody trusts u either. https://t.co/vhH6Y7tDfJ
881974135903145984,2017-07-03 20:33:14,"RT @historyinflicks: RT if you see your kink:

-eating ass
-single payer healthcare"
881908077028667392,2017-07-03 16:10:45,@iamlucastrevor  https://t.co/JWQ1AZz2OM
881907749495476224,2017-07-03 16:09:27,@Enrico_b_ I was in the dark boi
881817297752600577,2017-07-03 10:10:01,"RT @datassque: Pour up: DRANK
Headshot: DRANK
Sit down: DRANK
Stand up: DRANK
Pass out: DRANK
Wake up: DRANK
Faded: DRANK https://t.co/02Ee‚Ä¶"
881815995027005441,2017-07-03 10:04:51,What the fuck Snapchat knows when you're sleeping https://t.co/KDxPWEkGzk
881697697832554496,2017-07-03 02:14:46,@iamlucastrevor Are you sure you used the write right?
881592729398018049,2017-07-02 19:17:40,RT @realDonaldTrump: #FraudNewsCNN #FNN https://t.co/WYUnHjjUjg
881587504826200065,2017-07-02 18:56:54,Yung savage why u trappin so hard https://t.co/CmFjj8Vx2O
881400621877866496,2017-07-02 06:34:18,RT @BigBallerTalk: Manny lost on probably one of the worst decisions in boxing history üò® https://t.co/Z6RUT6WzXC
881387888679800832,2017-07-02 05:43:42,@Enrico_b_ 9 year old kids have beaten Pac Man before
881341147267952640,2017-07-02 02:37:58,"RT @nytimes: It‚Äôs easy to be outraged by high drug prices. Yet, simply slashing them could make matters worse. https://t.co/iYsRUKQsHn"
881283946255876097,2017-07-01 22:50:40,RT @ItMeIRL: me irl https://t.co/lSJzy1FYnO
881283249154265088,2017-07-01 22:47:54,RT @MeninistTweet: the eastern conference next year https://t.co/MokUBCzoXL
881282482410319872,2017-07-01 22:44:51,RT @realDonaldTrump: My use of social media is not Presidential - it‚Äôs MODERN DAY PRESIDENTIAL. Make America Great Again!
881275665064108034,2017-07-01 22:17:46,RT @dpreview: Those 'Shot on iPhone' ads take a lot more gear than you might think. https://t.co/FGuKQGawFC https://t.co/WuTIy0jeHi
881275158509572097,2017-07-01 22:15:45,RT @Mskyadoll: this that face/dance you make when you at a party jammin and you make eye contact with somebody els thats jammin and y'all h‚Ä¶
880883889845280770,2017-06-30 20:21:00,RT @tylerthecreator: https://t.co/bEnLqiPXOR
879448369604767745,2017-06-26 21:16:45,RT @tylerthecreator: https://t.co/857dwPBEyK
878320024208818177,2017-06-23 18:33:06,"RT @yeah_nick531: when i graduated, i flipped out https://t.co/9QmlmdsEE6"
875391506290548736,2017-06-15 16:36:13,RT @chuckietwitt: ants are lowkey savage üòÇüòÇ https://t.co/YcAixXV4Y6
875151559696556036,2017-06-15 00:42:46,RT @officiaIwinemom: when you walk back into the sesh after throwing up https://t.co/xTXyxORyYc
874716886793162752,2017-06-13 19:55:31,RT @prayinforglo: Nigga we respecting women now catch up https://t.co/5bQyHNj7JO
874716236189495297,2017-06-13 19:52:56,RT @HitsonHits: 2017 XXL Freshman list just dropped..  thoughts? https://t.co/MJRgL31R3H
874038718482526208,2017-06-11 23:00:43,RT @Chad_Maxwick: My submission for an internship of a lifetime with @RealJayWilliams . #GrowWithJay #JayAndChad #NotYourAverageJoes https:‚Ä¶
873558479453212672,2017-06-10 15:12:26,RT @richchigga: Haha ha what the Fuck https://t.co/Ef8dJWbzKu
872981827178332160,2017-06-09 01:01:01,RT @richchigga: this man diplo really just dropped the song without even showing me the final mix wow. I love him
872224314665443329,2017-06-06 22:50:56,RT @elonmusk: Or is it more about the way you use it? https://t.co/VvqgOX3XFJ
872210004383805447,2017-06-06 21:54:04,RT @CaseyNeistat: buying instagram likes from a vending machine üòû https://t.co/uRTXrq5FwQ
872115434211995649,2017-06-06 15:38:17,RT @RoguePOTUSStaff: The tragedy of this POTUS is that everyone is now dumber for having listened to him. https://t.co/5VOi6hjlVn
872115168213389316,2017-06-06 15:37:13,RT @btcArtGallery: https://t.co/ehhe7e5eIy
871796575135297542,2017-06-05 18:31:15,RT @MKBHD: Matte black all the things. Including that keyboard... lemme get that keyboard https://t.co/9xQfFctHSM
870781515822768129,2017-06-02 23:17:46,RT @elonmusk: Am departing presidential councils. Climate change is real. Leaving Paris is not good for America or the world.
869882139638194177,2017-05-31 11:43:58,"RT @Pappiness: @realDonaldTrump Covfefe: When you make a mistake, but play it off like you knew what you were doing.

""Trump's entire Presi‚Ä¶"
869786828236259328,2017-05-31 05:25:14,"RT @RogueNASA: We are desperately hoping #covfefe is not a code to launch the nukes. If it is, it‚Äôs been fun. Later."
869786088751206400,2017-05-31 05:22:18,RT @andyjuett: @realDonaldTrump SELLING SHIRTS OF THIS TWEET! ORDERS POURING IN! Pls include T-shirt size &amp; address when you Venmo $20 to @‚Ä¶
866412224566493184,2017-05-21 21:55:46,RT @richchigga: Shoutout to the ppl that know that life is not real. U will pass this test
861968765373865984,2017-05-09 15:39:02,RT @LastWeekTonight: Internet commenters: Visit https://t.co/7BXwaar6k3 and urge the FCC to keep strong net neutrality rules backed by Titl‚Ä¶
861287002800574466,2017-05-07 18:29:58,RT @elonmusk: Headed to see Guardians 2 w my bro and kids. Loved the first one.
861286634108715008,2017-05-07 18:28:30,RT @thegreatkhalid: I love goodnight texts https://t.co/9hGu6wF6w7
860216416682876928,2017-05-04 19:35:50,RT @realDonaldTrump: It‚Äôs Thursday. How many people have lost their healthcare today?
860176978854412288,2017-05-04 16:59:07,RT @Codecademy: #MayTheFourthBeWithYou https://t.co/xXoEGLd6AX
860176758548680705,2017-05-04 16:58:15,"RT @MKBHD: üìÇGood tweets
  ‚îîüìÅQ2
      ‚îîüìÅmay_the_4th
          ‚îî‚ö†Ô∏è This folder is empty"
859101701021855745,2017-05-01 17:46:21,@_pdas0ndi Proud dad
859101628376522753,2017-05-01 17:46:04,RT @thhersh: AP Exam tomorrow. Pulling a @meeshbhoombah today. Pray for me
858816545916678145,2017-04-30 22:53:15,RT @MakeSchool: What if college was more like @ycombinator? @ajbraus shares his thoughts on new models for higher #education. https://t.co/‚Ä¶
849455231788363780,2017-04-05 02:54:44,RT @jasonwxn: love it when u randomly think of a great idea and u get all hyped up and shit
849355491155300353,2017-04-04 20:18:24,RT @MKBHD: Seeing real Mac Pro refresh news in my timeline when it's not April 1st https://t.co/3BXUfs5YwL
847764314698240000,2017-03-31 10:55:37,"RT @jayrav13: Huge #ThrowbackThursday to my old 2012 MBP's #stickercollection

Share yours! https://t.co/5yVQcyEmwx"
847764078919647232,2017-03-31 10:54:41,RT @nylon_music: My new sounds: longing (wip) https://t.co/fICcMvwP8d on #SoundCloud
846680380929400832,2017-03-28 11:08:28,"RT @HYPEBEAST: .@richchigga is finally coming to America.
https://t.co/ogddT0WuMS"
846536705079414785,2017-03-28 01:37:33,"@patthemanager hey Im trying to set something dope up for my prom date. sent you an email about it, please give it look when you're free :)"
845095855791202306,2017-03-24 02:12:07,RT @WillScharnagl: My goal in life is to be this happy https://t.co/LC9otbmEv2
844724625250668546,2017-03-23 01:36:59,RT @WIRED: Silicon Valley now sees a new way of building markets that predict the future: the blockchain https://t.co/OIxRUAt3aQ
844724559882436608,2017-03-23 01:36:43,RT @CaseyNeistat: story of my life https://t.co/xBzV7HMJnz
844723508718587905,2017-03-23 01:32:33,"RT @HitsonHits: Schoolboy Q says his new album is ""ready for 2017"" https://t.co/JvJoLCfEhW"
844520972669669376,2017-03-22 12:07:44,"RT @RogueNASA: Trump is signaling that he's acting on his vows to dismantle Obama's ""stupid"" climate change policies. #Resist  https://t.co‚Ä¶"
844421956422324225,2017-03-22 05:34:17,@iamlucastrevor two songs too many tbh
844153886835441664,2017-03-21 11:49:04,RT @JusReign: 21 savage - no heart (punjabi remix) https://t.co/UNcL4OBBNz
843860257319325696,2017-03-20 16:22:18,@_pdas0ndi ripp
843856046535905282,2017-03-20 16:05:34,"RT @Indian_stats: Me: dad can you drive me to..

Brown dad: Drive?üëøüò§ I used to walk 500km to schoolüë≥üèªüò°in 100 degree weatherüî•üî•this is all ca‚Ä¶"
843855603361550336,2017-03-20 16:03:48,@_pdas0ndi how do I edit tweets smh
843855465910026241,2017-03-20 16:03:15,@_pdas0ndi three times every year is ritualistic if u think about ir
843676156675145728,2017-03-20 04:10:45,@iamlucastrevor go to sleep you degenerate
843674443549413376,2017-03-20 04:03:56,BOOM BOOM BOOOOOOM https://t.co/AbfLnsbxUz
843674119375896576,2017-03-20 04:02:39,@iamlucastrevor Unlike u
843645232986148864,2017-03-20 02:07:52,@iamlucastrevor it would be too amazing to handle
843644929868009473,2017-03-20 02:06:40,@_pdas0ndi ??? @ me next time
843644830861484032,2017-03-20 02:06:16,@iamlucastrevor rip me if that happens
843532123294306307,2017-03-19 18:38:24,"RT @Mikel_Jollett: OK, Trump supporter, hear me out. 

Pretend you're a truck driver. And Trump said truck drivers are ""rapists &amp; murderers‚Ä¶"
843531717105405952,2017-03-19 18:36:48,RT @CaseyNeistat: üëä a UN official called it the worst humanitarian crisis since WW2.  i hope we can keep this going! https://t.co/U7JQLdh9Em
842407470999977984,2017-03-16 16:09:26,I'm a proud member of Propelify Innovation Festival Launch Committee. Join us 5/18! Ticket code:LCT17 #letsPropel‚Ä¶ https://t.co/iJD8ynCJVW
842237442774175744,2017-03-16 04:53:49,RT @nytimes: Trump's proposal is the first time a president has called for ending the arts and humanities endowments https://t.co/A0hPuoMejc
842236013896470529,2017-03-16 04:48:08,RT @Enrico_b_: dont trust u if u eat yellow skittles https://t.co/bcsjxAJZh9
839170746505117696,2017-03-07 17:47:51,"RT @Snowden: If you're writing about the CIA/@Wikileaks story, here's the big deal: first public evidence USG secretly paying to keep US so‚Ä¶"
838857490192285696,2017-03-06 21:03:05,RT @memeprovider: TODAY IS THE ONLY DAY YOU CAN RETWEET THIS https://t.co/k9asDJ8AJV
838857325289095168,2017-03-06 21:02:26,"RT @chancetherapper: ‚ö°Ô∏è ‚ÄúChance the Rapper donates $1 million to Chicago public schools‚Äù

https://t.co/w1lPo928lg"
837410284671229952,2017-03-02 21:12:24,RT @SenSanders: Attorney General Sessions should resign. https://t.co/jZ3PLsXVLy
837406286132080640,2017-03-02 20:56:31,RT @DennysDiner: zoom in on the syrup https://t.co/omRBupjrXq
836085745693622272,2017-02-27 05:29:10,"RT @Futalors: Trump victime des montages aussi JPP üò≠üòÇüòÇüòÇ
(Musique: Shooting Stars üé∂) https://t.co/VDZNmKWRO7"
836085296315924484,2017-02-27 05:27:23,"RT @sophiaraza: If you ever want to experience every type of weather in one week, come to New Jersey. https://t.co/pqDoOtDl6s"
836083262267277312,2017-02-27 05:19:18,RT @StJosephFB: Best. Student. Section. Ever!!! And Special Thanks to @saintjoescheer!!! #ThisIsStJoes @DaSJFalconFlock @StJoesMetuchen @Sa‚Ä¶
836061559361253376,2017-02-27 03:53:03,"RT @RoguePOTUSStaff: @jimmykimmel Oh, he's up."
836061529292296192,2017-02-27 03:52:56,RT @jimmykimmel: Hey @realDonaldTrump u up?
834894184184229888,2017-02-23 22:34:19,RT @garyvee: #ThursdayThoughts https://t.co/5OrJOUnO0a
834894105851351041,2017-02-23 22:34:01,@iamlucastrevor just like u bby
834826956780736512,2017-02-23 18:07:11,"RT @nytimes: The New York Times has a new marketing campaign: ""The truth is more important now than ever."" https://t.co/FLPPIozpXn"
834281605707468800,2017-02-22 06:00:09,RT @garyvee: What I would do ... https://t.co/ejpYMkTrzt
833898582445027328,2017-02-21 04:38:09,"RT @RehmanSid: Once upon a time, Presidents were people of dignity and honor, one whom our kids would look up to for inspiration. #Presiden‚Ä¶"
833892038554841088,2017-02-21 04:12:09,RT @thepIugformemes: Don't say anything just retweet https://t.co/EweIYsdX99
832397585776312320,2017-02-17 01:13:44,RT @ksheely: oh my god somebody modeled the trump handshake https://t.co/2L1Sst5lFm
831968293481242626,2017-02-15 20:47:53,RT @SenSanders: I'm glad Puzder will withdraw. Given his relationship to his employees he wasn't fit to lead a department responsible for d‚Ä¶
831967855549767683,2017-02-15 20:46:08,"RT @MakeSchool: ""Our doors will forever remain open..."" Here is our full statement about the executive order on immigration: https://t.co/G‚Ä¶"
831906116858679296,2017-02-15 16:40:48,"RT @realDonaldTrump: Just as I predicted, @BarackObama has not allowed an independent investigation into the national security leaks from h‚Ä¶"
831889689690963974,2017-02-15 15:35:32,RT @SenSanders: Today I will be asking the Senate Intelligence Committee to thoroughly investigate if Russia coordinated with Trump and his‚Ä¶
830498040721055744,2017-02-11 19:25:37,RT @__Prince_Ali__: @meeshbhoombah @KearnyPoint @MKBHD @CodeDay NO WAY IT'S THERE???
830490534447837185,2017-02-11 18:55:47,@__Prince_Ali__ @KearnyPoint @MKBHD @CodeDay yeah you can actually see the studio it's on the same floor
830450969192316928,2017-02-11 16:18:34,Went to @KearnyPoint and saw @MKBHD's dope studio - hosting @CodeDay in the same space #CodeDayNJü§ò
828785844609810432,2017-02-07 02:01:58,"RT @SenSanders: It is extraordinary how little Donald Trump knows about immigration, or cares about the Constitution, rule of law or separa‚Ä¶"
828785438454403074,2017-02-07 02:00:21,"RT @realDonaldTrump: The failing @nytimes writes total fiction concerning me. They have gotten it wrong for two years, and now are making u‚Ä¶"
828495697834102786,2017-02-06 06:49:01,"RT @MKBHD: ""Accidentally"" https://t.co/IRbDIPL9kH"
828438851584667649,2017-02-06 03:03:08,"RT @WIRED: Yes, those were 300 drones flying in formation during Lady Gaga's half-time show. Here's how Intel pulled it off https://t.co/Da‚Ä¶"
828277295240593408,2017-02-05 16:21:10,"RT @20committee: I know many people on the Right who fully realize they've backed a dangerous madman. But they keep quiet. Courage, not sma‚Ä¶"
827707749412851720,2017-02-04 02:38:00,"RT @realDonaldTrump: We must keep ""evil"" out of our country!"
827559203615150081,2017-02-03 16:47:44,RT @MLHacks: What is a hackathon? Our new video will help you share why these events are so amazing! https://t.co/o1r3knzPZF
827559151182213120,2017-02-03 16:47:31,"RT @MKBHD: When you're chatting and somebody randomly drops ""yeah I have a flip phone"" mid conversation like it's nbd https://t.co/CIrVRnqw‚Ä¶"
827503479300247553,2017-02-03 13:06:18,"RT @realDonaldTrump: Yes, Arnold Schwarzenegger did a really bad job as Governor of California and even worse on the Apprentice...but at le‚Ä¶"
827359901546577920,2017-02-03 03:35:46,@_pdas0ndi Blocked
827358811937787904,2017-02-03 03:31:27,RT @garyvee: https://t.co/JKG52I3RK4
827358617397510144,2017-02-03 03:30:40,"RT @Dr_Asrat: Trump is what it took to wake people up from complacency. No one cares about ""those ppl"" until they see how it may adversely‚Ä¶"
827348180765405184,2017-02-03 02:49:12,@_pdas0ndi Jash could help u out with that
827326039894409216,2017-02-03 01:21:13,RT @TheDailyShow: Trump‚Äôs call for religious leaders to pray for Arnold Schwarzenegger‚Äôs Celebrity Apprentice ratings spurs a global call t‚Ä¶
827293410306424832,2017-02-02 23:11:34,"RT @NJYAG: Looking for some inspiration? This video is sure to get you hyped for conference #NJYAG2017 #NJYAG #YAGSZN
https://t.co/4dvjfQ92‚Ä¶"
827025687466876930,2017-02-02 05:27:43,"RT @GrainneMaguire: Sad that there are more black people in Beyonc√© right now, than in Trumps entire cabinet team."
826985121093935104,2017-02-02 02:46:32,"RT @MKBHD: Honestly I‚Äôm just psyched to be on the same list as @chancetherapper üôåüèΩ

https://t.co/83StH1cNNp https://t.co/gXWVRoaI11"
826984681988030464,2017-02-02 02:44:47,RT @NJYAG: YAG season is coming... be ready
826636174437539840,2017-02-01 03:39:56,RT @realDonaldTrump: ‚ÄúWe build too many walls and not enough bridges.‚Äù - Isaac Newton
826629973972754434,2017-02-01 03:15:18,RT @wesleysnipes: If you don't want celebrities sharing their opinions you shouldn't have elected a reality star. Stick to sitting down. ht‚Ä¶
826625912196182017,2017-02-01 02:59:10,RT @realDonaldTrump: Are you allowed to impeach a president for gross incompetence?
826603127323361286,2017-02-01 01:28:37,RT @garyvee: #TuesdayMotivation help your kids be winners ... don't succumb to the current narrative .. the real world is competitive - htt‚Ä¶
826585371043569666,2017-02-01 00:18:04,"RT @nytimes: Trump's own words convinced Sally Yates that the immigration ban was intended to single out Muslims, officials said https://t.‚Ä¶"
826271624177602573,2017-01-31 03:31:21,"RT @KGrumke: In Reagan's farewell, he told the story of American sailors rescuing refugees, saying that's what it was to stand for freedom‚Ä¶"
826271064674140160,2017-01-31 03:29:07,RT @ThePracticalDev: It's funny because it's true. https://t.co/RqgzANe8nz
826270827687636992,2017-01-31 03:28:11,RT @alt_doj: In the US Holocaust Museum. -SR https://t.co/OJTPI7PhZj
826270675824414720,2017-01-31 03:27:35,RT @__Prince_Ali__: @meeshbhoombah @POTUS
826270650876755969,2017-01-31 03:27:29,@__Prince_Ali__ @POTUS he did it the madman
826224659762909184,2017-01-31 00:24:44,RT @WIRED: Elon Musk is really doing it. He's really building a tunnel. https://t.co/W2QkGeAfhA
826223895418114048,2017-01-31 00:21:41,@__Prince_Ali__ u won't @ him tho
826223561249587200,2017-01-31 00:20:22,RT @seanspicer: You nailed it. Period! https://t.co/AUmS1C222b
826138694126018562,2017-01-30 18:43:08,"RT @SenSanders: Democracy means one person, one vote. It does not mean billionaires buying elections."
826138536998998016,2017-01-30 18:42:30,RT @TheDailyShow: President Trump orders an investigation into mass voter fraud. https://t.co/af3PRIGx8r https://t.co/ZdS4CwCWuG
825843968642600962,2017-01-29 23:12:00,RT @nytimes: Christian leaders denounce President Trump‚Äôs plan to favor Christian immigrants https://t.co/PiHN3lBKPv https://t.co/6nr1ICq0Ou
825405891788816389,2017-01-28 18:11:14,"RT @NotAltWorld: When teachers get abused &amp; their cars damaged for teaching #climatechange facts, that's a serious problem #science
https:/‚Ä¶"
825193498743803905,2017-01-28 04:07:16,"RT @RogueNASA: We are 100% in this with you. No shenanigans, no scams, no bullshit, no catfishing. The truth will always prevail. https://t‚Ä¶"
824788033677426689,2017-01-27 01:16:05,"RT @RogueNASA: Unacceptable. We need a president who spends his time trying to improve American lives, not whining like a child. Shame on y‚Ä¶"
824768583981027328,2017-01-26 23:58:48,"RT @JackSmithIV: The ""it couldn't happen here"" crowd needs to learn what already happened here. This is Madison Square Garden in NYC, 1939:‚Ä¶"
824765870652145666,2017-01-26 23:48:01,RT @NJYAG: Kicking off #NJYAG2017 with a quick re-cap of the officer retreat. Are you excited for YAG this year? https://t.co/2kjflvdwys
824622990511996928,2017-01-26 14:20:16,"RT @RogueNASA: Buckle up, folks. This is only the start. #resist https://t.co/qXQ2v94jsi"
824622933318496257,2017-01-26 14:20:02,"RT @RogueNASA: A lot of good people are very afraid of losing their jobs. And for them, keeping food on the table trumps running a Twitter‚Ä¶"
824332473249255432,2017-01-25 19:05:51,"RT @CaseyNeistat: Zuckerberg is ruthless.  watch the video at the bottom of this story, carbon copy --
FACEBOOK STORIES --  https://t.co/Kg‚Ä¶"
824332431880810496,2017-01-25 19:05:41,RT @garyvee: Saving money is a strategy too ;) lol  #wednesdaymotivation https://t.co/tMeyF7Hbke
824332054376620032,2017-01-25 19:04:11,"RT @AP_Politics: BREAKING: Trump signs immigration actions to build border wall, says, 'We've been talking about this right from the beginn‚Ä¶"
823753379780378625,2017-01-24 04:44:44,@_pdas0ndi don't flatter urself
823751976374693895,2017-01-24 04:39:10,RT @_pdas0ndi: just when you think you truly know someone üôÉ
823751935811551235,2017-01-24 04:39:00,@_pdas0ndi chill I just replied dw
823728581419429888,2017-01-24 03:06:12,RT @FRCteam4911: Releasing fuel from the hoppers like üôã‚Äç‚ôÇÔ∏èüéæüéæ #FIRSTsteamworks #omgrobots #saltbae https://t.co/j5sbfm3GC2
823723048285114368,2017-01-24 02:44:13,@_pdas0ndi @sherwinyu99 üòèüòèüòâüòâ
823696995332276225,2017-01-24 01:00:41,RT @dbrandSkins: Do it. They could really use the money. https://t.co/7joRC91Cjb
823695855165329408,2017-01-24 00:56:10,@_pdas0ndi y are u so stressed
823691379926769668,2017-01-24 00:38:23,i need more conservative friends
822675133961764864,2017-01-21 05:20:11,"RT @POTUS: January 20th 2017, will be remembered as the day the people became the rulers of this nation again! https://t.co/n6aMK1MCRC http‚Ä¶"
822289397441773569,2017-01-20 03:47:24,@JacksonvilleU I think you can do better than this ü§î https://t.co/hHM3npI5L3
821501911991984129,2017-01-17 23:38:13,@Iamlucastrevor @AmericanU please reconsider this student's application as he lacks responsibility
820401343529619456,2017-01-14 22:44:57,RT @MKBHD: Space is so dope
820027218562809856,2017-01-13 21:58:18,"RT @SenSanders: If the ACA is repealed, the wealthiest 400 families would receive a tax cut worth an average of $7 million each. https://t.‚Ä¶"
820027172387770371,2017-01-13 21:58:07,"THOSE WHO DON'T CARE MATTER, THOSE WHO MATTER DON'T CARE"
819609820273721344,2017-01-12 18:19:43,"@Iamlucastrevor cobhobiloblob, tobakobinobgob a sobhobitob"
819607444322217984,2017-01-12 18:10:16,@Iamlucastrevor wobhobatob'sob upob
819575824835874817,2017-01-12 16:04:38,RT @DrCraigMalkin: .@realDonaldTrump You've just minimized the atrocity of Nazi Germany by comparing your press problems to the horrors of‚Ä¶
819575814371078145,2017-01-12 16:04:35,"RT @realDonaldTrump: Intelligence agencies should never have allowed this fake news to ""leak"" into the public. One last shot at me.Are we l‚Ä¶"
819285469687070730,2017-01-11 20:50:52,"RT @MKBHD: Underrated: putting googley eyes on VR headsets üòÇ

https://t.co/aYpntQwBwA https://t.co/NDAzpHf8em"
819029187675746306,2017-01-11 03:52:29,RT @Genius: we gon be alright https://t.co/r9TW49eNwg
817622209808240640,2017-01-07 06:41:40,RT @ComplexMusic: In b4 Rich Chigga blows up in 2017. https://t.co/vHQZBRFNoW https://t.co/qKrRSBOKe8
817622193202925568,2017-01-07 06:41:36,RT @garyvee: IT'S ALL ABOUT THE WORK | DailyVee 119 üî•üî•üî•üî•üî• https://t.co/fLlc3S6BNP
817245487267016705,2017-01-06 05:44:42,RT @ThePracticalDev: My watch runs GNU/Linux and it is amazing https://t.co/E2A50OgQlq https://t.co/2k1WGd2Q6c
817245445856624640,2017-01-06 05:44:32,"RT @SaintJoesMedia: @JBledsoe24 @gamer9430 Seth and Robert killed it in tech. Lewis, Tom, and our lead guy @MaxChadwick2 killed it on the m‚Ä¶"
816796144621748224,2017-01-04 23:59:10,@__fvc @LemonRanger thanks but no thanks
816539981443399680,2017-01-04 07:01:16,"RT @SenSanders: If New York makes public colleges and universities tuition-free, mark my words, state after state will follow."
816539201990750208,2017-01-04 06:58:10,RT @lax6561: I'm up a little late doing homework but at least tomorrow is Friday at St Joe's
816352284728758272,2017-01-03 18:35:26,RT @kickstarter: 100 zines. 100 spinning tops. 100 LPs of a lonely whale song. Announcing #Make100: https://t.co/dbOCfQkGX4 https://t.co/Ln‚Ä¶
815467418856357888,2017-01-01 07:59:17,RT @codeorg: Hello world. Happy 11111100001!
815461528203915264,2017-01-01 07:35:53,RT @jairahbanks: @meeshbhoombah @MariahCarey her inner saboteur was happening
815461017824149504,2017-01-01 07:33:51,@jairahbanks @MariahCarey what happened I wasn't watching
815459987115872256,2017-01-01 07:29:46,What's really crazy is that I remember last year like it was yesterday
815375015784972288,2017-01-01 01:52:07,"RT @chancetherapper: I wrote a poem today inspired by me being in 2017 Australia right now but still 2016 in Chi: 
Samurai Jack
Kangaroo Ja‚Ä¶"
814943884539207680,2016-12-30 21:18:57,RT @ThePracticalDev: Lua in Lua: A self-hosting compiler that can compile itself. https://t.co/IAl4Uvbie6
814895632007790593,2016-12-30 18:07:13,RT @richchigga: do i have all of ur permissions to kill shit in 2017
814583321120428032,2016-12-29 21:26:12,"RT @SenSanders: Mr. Trump might want to think about starting to believe in climate change, considering his resorts will be underwater in a‚Ä¶"
814531307384479745,2016-12-29 17:59:31,Donald Trump confirmed yesterday that his veterans‚Äô health ‚Äúplan‚Äù is a joke - Vox https://t.co/XwOoXwte1x
814352835605315584,2016-12-29 06:10:20,RT @verge: Republican proposal would fine Congress members who live stream from House floor https://t.co/ZMAfHy9FGo https://t.co/rs3FaXLiac
814330688241631232,2016-12-29 04:42:20,@_pdas0ndi forget what
813806693951868929,2016-12-27 18:00:10,RT @garyvee: #TuesdayMotivation https://t.co/2a1YjdZNfH
813806624225787908,2016-12-27 17:59:53,@_wvffles when did you become Kanye
813614934068264960,2016-12-27 05:18:11,"RT @BernieSanders: Trump's cabinet, the wealthiest in history, is worth more than the annual GDP of 70 countries. So much for draining the‚Ä¶"
813533073006620672,2016-12-26 23:52:53,"RT @verge: A hacked Sony Music account declared Britney Spears ""dead by accident"" today https://t.co/pLo9Z21hSM https://t.co/yLpKlOSwlz"
812732709835591680,2016-12-24 18:52:32,@garyvee pulling through made my day üëå https://t.co/0xq4wQhHK4
808830540430200832,2016-12-14 00:26:42,"RT @StudentRND: Want to code something over your winter break? Work alongside us, get help when you need it, and get a shirt! https://t.co/‚Ä¶"
808484097521754112,2016-12-13 01:30:04,RT @NathanZed: twitter is an amazing place https://t.co/8oTyVmEZrM
808291219918979072,2016-12-12 12:43:38,"RT @MKBHD: Every creator struggles with this.. They Never Tell This to Beginners

https://t.co/1nONUt68cl https://t.co/csFhE9Sepi"
808210868160827393,2016-12-12 07:24:21,RT @Genius: bein' humble don't work as well as bein' aware
807316766649098240,2016-12-09 20:11:31,"RT @MKBHD: Getting custom plates in NJ:

Call the DMV
to get a username... mailed to you
to log into a site
to get a form
to print
to mail‚Ä¶"
806658912539869184,2016-12-08 00:37:26,RT @ThePracticalDev: Mr. Robot Killed the Hollywood Hacker https://t.co/2MslLTBafB
806479811032051713,2016-12-07 12:45:45,RT @HackerNewsOnion: Developer Accused Of Unreadable Code Refuses To Comment
806479568630677504,2016-12-07 12:44:47,"RT @verge: The Snowy Day is Amazon‚Äôs beautiful, hopeful addition to television Christmas specials
https://t.co/UszRjX6l8N https://t.co/34B7‚Ä¶"
806404011188506624,2016-12-07 07:44:33,RT @garyvee: I sure didn't https://t.co/K5eBR3IgFF
806020634874675200,2016-12-06 06:21:09,RT @jbillinson: Here's what the Electoral Map will look like in 2020 when Joe Biden runs against Donald Trump https://t.co/twjJ7IkUQ1
806019690480930816,2016-12-06 06:17:23,"RT @twitter: 2016.
#ThisHappened https://t.co/dyBWDvQjtj"
805980953764102144,2016-12-06 03:43:28,RT @TheMeninist: When they fool you 3 times and they expect the peace sign https://t.co/QL8gNu5eiN
805862483068129281,2016-12-05 19:52:42,RT @WORIDSTARHIPHOP: My professor's got jokes https://t.co/rOSOC1d4gv
805548946093408256,2016-12-04 23:06:49,"RT @AliVelshi: BREAKING: Army Corps halts Dakota Access Pipeline work, tells Standing Rock the current route for the pipeline will be denie‚Ä¶"
805499490027323392,2016-12-04 19:50:18,RT @DaiIyRap: today is the only day you can retweet this https://t.co/7qDVsYiZyK
805199508015644672,2016-12-03 23:58:17,RT @akellis: Coding everywhere #SaintJoesHack @GitHubEducation @MLHacks https://t.co/87fiMJOCXA
805199472619831300,2016-12-03 23:58:08,RT @akellis: Some of the coders at the Saint Joe's Hackathon - #localhackday #SaintJoesHack @GitHubEducation @MLHacks https://t.co/Uw89YTrx‚Ä¶
804897578269769728,2016-12-03 03:58:31,"RT @nytimes: Peng Chang-kuei, chef behind General Tso‚Äôs chicken, dies at 98 https://t.co/8cfIhJRVp1"
804833313630355456,2016-12-02 23:43:09,"@Iamlucastrevor he's got so much beef with so many people I can't wait for this to drop, hopefully it's makes the industry more competitive"
804715013143461888,2016-12-02 15:53:04,RT @WIRED: üé•  The drug Kratom could be an indispensable treatment to opioid addiction. https://t.co/T0PZik8Zpz https://t.co/WEad3z0eAD
804602819206529024,2016-12-02 08:27:15,RT @GifJifApp: @SenSanders @HouseScience @BreitbartNews https://t.co/eog5yminpS
804602164186402816,2016-12-02 08:24:39,RT @SenSanders: Where'd you get your PhD? Trump University? https://t.co/P5Ez5fVEwD
804447219009069056,2016-12-01 22:08:57,RT @lax6561: Sooo a lot of this happened at today's pep rally...but most importantly - this happened https://t.co/g0gpHITKFi
804118741650993152,2016-12-01 00:23:42,RT @richchigga: Shoutout to the michelin man hes just doing him i love u michelin man
803839013597614080,2016-11-30 05:52:10,RT @verge: This tiny origami robot can self-fold and complete tasks https://t.co/dDxyXxNB5m
803717326889619456,2016-11-29 21:48:37,RT @ShakeDown2012: One of the most shocking things I've ever read about #brazilianfootballteam My Prayers to the families üò∞ https://t.co/Ca‚Ä¶
803685816463687680,2016-11-29 19:43:25,https://t.co/loe8T9C0Rl
803441342726754305,2016-11-29 03:31:57,"RT @nytopinion: Donald Trump, threatened by Hillary Clinton's 2+-million-vote lead, is spreading lies. https://t.co/R2mlaChQ6G https://t.co‚Ä¶"
803441321562214405,2016-11-29 03:31:52,"RT @nytopinion: Donald Trump is openly using his position to drum up business, writes @PaulKrugman https://t.co/Ayuy5N86YI"
803056369985318912,2016-11-28 02:02:13,@n_kashyap14 idk man just randomly texted me that I wasn't even up yet
802893980669214720,2016-11-27 15:16:56,My dad is woke #woke #dontbetthatever https://t.co/rXl5WvhVjR
802769978407591936,2016-11-27 07:04:12,"RT @nickgillespie: Yes, Fidel Castro murdered, tortured, and imprisoned thousands, but unlike Donald Trump he never attacked Rosie O'Donnel‚Ä¶"
802769930722623488,2016-11-27 07:04:00,"RT @FishingwFredo: ""We mourn Joseph Stalin's death. A strong national leader and visionary in the cause of population control."" #TrudeauEul‚Ä¶"
802688498046267392,2016-11-27 01:40:25,RT @MischaMenuck: It is with a heavy heart that we mourn the passing of Saddam Hussein. His advancements in chemical research live on. #tru‚Ä¶
802688441754513409,2016-11-27 01:40:12,"RT @robbysoave: ""Saruman, an inventor and humanist, modernized Rohan's economy. A multiculturalist, he improved relations with orcs."" #trud‚Ä¶"
802352056996544512,2016-11-26 03:23:32,RT @Dory: Visual representation of over thinking  https://t.co/GtTrN9wbDA
802298476985925632,2016-11-25 23:50:37,@callme_grant grant is the new jaden smith
802026420167917568,2016-11-25 05:49:34,"RT @richchigga: this picture makes me happy. just sharing this with u, have a good day https://t.co/ELEQyUkxAD"
801886590851223552,2016-11-24 20:33:56,RT @BabyAnimalPics: this the funniest thing I've seen all day https://t.co/kCNuxfD1kR
801856122147770368,2016-11-24 18:32:51,RT @Dory: I TOLD YOU HIS HAIR WASNT ORANGESKSJSJ FUCEKDJEJ https://t.co/Q0IXnjPKsF
801817265196900353,2016-11-24 15:58:27,RT @WorldStarGhetto: When you get your plate of food and see a family member with something on their plate that you didn't see https://t.co‚Ä¶
800939593189228544,2016-11-22 05:50:54,"RT @ThePracticalDev: üé∂ We're Gonna Build a Framework üé∂ by @dylanbeattie

This is absolutely amazing üòÇüòÇüòÇ https://t.co/xLi88jWZ2B"
800938267894018048,2016-11-22 05:45:38,RT @Dory: Kanye West has officially lost it Lmfaoo  https://t.co/4Eh1mNtEzn
799567394536640512,2016-11-18 10:58:16,@verge @Iamlucastrevor
799405688967536640,2016-11-18 00:15:43,RT @garyvee: https://t.co/xrLlowf7tC
799359614097571840,2016-11-17 21:12:38,@JBledsoe24 a beer ü§îü§î
798352294706315264,2016-11-15 02:29:54,"RT @SenSanders: Sorry, Mr. Trump. The future of the planet is more important than the short-term profits of the oil, coal and gas industrie‚Ä¶"
798352064233558016,2016-11-15 02:28:59,RT @LisaHignett: Is the #supermoon not turning out to be what you expected? Simply slap a tortilla wrap on your window for an authentic exp‚Ä¶
798351978388713472,2016-11-15 02:28:38,RT @garyvee: today's my bday .. if u do one thing share this video and make tomorrow the beginning of the next chapter of your life.. Tuesd‚Ä¶
798269497492664322,2016-11-14 21:00:53,RT @Dory: By far the greatest scene in The Incredibles https://t.co/gvl2xkGUfy
798269236879785986,2016-11-14 20:59:51,RT @SenSanders: Climate change is not a hoax. It‚Äôs a threat to this entire planet. Trump better start listening to scientists and not fossi‚Ä¶
796929172887236608,2016-11-11 04:14:55,RT @SenSanders: This is America and we aren't going to throw out 11 million people who are undocumented. We‚Äôre not going to turn against Mu‚Ä¶
796800241471287296,2016-11-10 19:42:36,"RT @levie: Obama: ""Ok so then when a bill is passed by the House of Representatives it goes to the Senate..."" https://t.co/PJHrCyhq6g"
796690572115406849,2016-11-10 12:26:48,RT @BarbraStreisand: https://t.co/5rYh60DweE
796559570780950528,2016-11-10 03:46:15,@jairahbanks why
796480049687867392,2016-11-09 22:30:16,"RT @deray: We also need to be honest re: the role the media played in enabling Trump, the way they validated him &amp; his bigotry until it was‚Ä¶"
796449662454628352,2016-11-09 20:29:31,RT @irin: This photo of White House staff watching Obama today says so much https://t.co/ijYWWrOptP https://t.co/atoNw296bV
796330407943868416,2016-11-09 12:35:39,RT @judyblume: This will be my only tweet today. An American Tragedy https://t.co/0CPfssSc9n via @newyorker
796328766826049536,2016-11-09 12:29:07,"RT @mermoneyy: when you specifically said ""no political parties"" https://t.co/R6P5VDgzVK"
796237825138184192,2016-11-09 06:27:45,"RT @coolstarorg: so many idiots....

literally https://t.co/auvcIAmMqL"
796221295746805760,2016-11-09 05:22:04,RT @imWaavey: HE DOESN'T DESERVE THIS https://t.co/ksvpI5aAR3
796198167670833153,2016-11-09 03:50:10,"RT @NerdyWonka: It really shouldn't be this close.

A proud racist ran for POTUS and white voters flocked to him.

Remember that.

https://‚Ä¶"
796196539995721728,2016-11-09 03:43:42,"RT @Canada: In Canada, immigrants are encouraged to bring their cultural traditions with them and share them with their fellow citizens. ht‚Ä¶"
796196342192340992,2016-11-09 03:42:55,"my dad went from ""if trump wins we're moving"" to ""how do I help build the wall"" way too quick"
796193905570091008,2016-11-09 03:33:14,@_pdas0ndi i know what u r but what am i
796155646009868288,2016-11-09 01:01:12,meme queen??? https://t.co/MlYxSn7w1J
796103371451199489,2016-11-08 21:33:29,"RT @MKBHD: To lighten up your #ElectionDay, I‚Äôm giving away some phones. 5 random followers who RT this in 24hrs will win a Google Pixel. G‚Ä¶"
796090593382453248,2016-11-08 20:42:42,RT @JameerRobinson: #blackbeatle üêúüêú https://t.co/6bkR2D7S87
795978864812027904,2016-11-08 13:18:44,RT @JoeyJMeier: @ladygaga can hold a note longer than I can hold a decent GPA
795721023928811526,2016-11-07 20:14:10,"RT @UdellGames: Use whatever brace style you prefer.

But not this.

Don't do this.

Seek help instead of this. https://t.co/1EYb7BLHkb"
795581932922933249,2016-11-07 11:01:28,RT @lovelyytylerr: Rt while you still can https://t.co/KPyY8e48lF
795320664068673541,2016-11-06 17:43:17,"RT @Logic301: Peace, Love and Positivity!"
795044846562115584,2016-11-05 23:27:17,"RT @StudentRND: 1 week until #CodeDay, anyone else #HYPED?!"
794914225894359040,2016-11-05 14:48:14,"RT @johngreen: I'm deeply concerned about Trump's tax plan, which I think could lead to a Greece-like depression, as explained here https:/‚Ä¶"
794914168319180800,2016-11-05 14:48:01,"RT @johngreen: Donald Trump is an ideologue whose rhetoric and policy positions (esp. on immigration, taxes, and budgeting) make him unfit‚Ä¶"
794348671345246209,2016-11-04 01:20:56,RT @mcuban: Hey @jasoninthehouse when will you investigate the FBI leaks.  That's part of your job.  Right ? Accountability in Government ?‚Ä¶
794302984842776576,2016-11-03 22:19:23,"RT @StudentRND: A History of StudentRND, As Told By Files @tylermenezes Found On His Old Hard Drive: https://t.co/tnFXu0BwGg"
793741720794128384,2016-11-02 09:09:07,RT @RappersSaid: Why is this the funniest response to Drake's Cudi diss https://t.co/S6L97fGlih
793646849391464448,2016-11-02 02:52:08,@kettumusic he did his best
793620575075897344,2016-11-02 01:07:44,The usual shenanigans https://t.co/06GVrK4NWQ
793613139820576768,2016-11-02 00:38:11,"RT @WhiteHouse: ‚ÄúSuperman, you‚Äôve got to give me a high-five!‚Äù #ObamaAndKids https://t.co/MWXIh0gcut"
793600649481052160,2016-11-01 23:48:33,@tarunbod Next step check command line from grades
793271652574519297,2016-11-01 02:01:14,RT @NJYAG: We hope you had a safe and happy Halloween! üéÉ https://t.co/Ah9za2ulTi
793204294547828736,2016-10-31 21:33:35,RT @ericswalwell: Do you think this is one of the #HillaryEmails Trump hopes is unearthed? #ImWithHer https://t.co/VPTwKAfHmw
792195387054551040,2016-10-29 02:44:33,RT @dbreunig: Apple's fastest growing product category. https://t.co/d1sel4N5Yc
792009845687869440,2016-10-28 14:27:16,RT @lax6561: JOSH JUST LEVELD MR. BURKE #youreamazing https://t.co/2cVfzNZveK
791980969930752001,2016-10-28 12:32:32,if ur reading this follow me on ig @meeshbhoombah #youreamazing https://t.co/wYZ409OnD0
791714679492112390,2016-10-27 18:54:23,RT @zats: Lower part of the slide got cut off https://t.co/5pmdynah8D
791366305211359232,2016-10-26 19:50:04,"RT @StJoesMetuchen: SJHS Hack Club sponsors ""Hour of Code"" today for mid school students, 2-4pm, in Zenga Library. RSVP to Dr. Ellis by noo‚Ä¶"
791106705937534976,2016-10-26 02:38:31,"RT @APBusiness: The #Trump brand, not so huge anymore ... consumers repulsed. @AP @Maetron @BernardFCondon report. https://t.co/0rxrg45zfF"
791054141053341698,2016-10-25 23:09:38,RT @postpolitics: Donald Trump‚Äôs campaign has spent more on hats than on polling https://t.co/8vEn1yQkzT
790267450155790336,2016-10-23 19:03:37,@jairahbanks yeah well I think you're wrong
790248496947421184,2016-10-23 17:48:18,"RT @POTUS: I'll say it: Holy Cow, @Cubs fans. Even this White Sox fan was happy to see Wrigley rocking last night. #FlyTheW"
790027699008004096,2016-10-23 03:10:56,RT @Gabriel__Lewis: When a developer and a designer meet on tinder üòè https://t.co/XQ9b1rZAXc
789659565931499520,2016-10-22 02:48:06,"RT @verge: How an army of vulnerable gadgets took down the web today
https://t.co/VV4i9f7Bew https://t.co/BJCB6ZGhcs"
788943550599880705,2016-10-20 03:22:54,"RT @HayesBrown: PUTIN: hey

PUTIN: u up?

PUTIN: good job

PUTIN: but you said we weren't best friends?

PUTIN: i kno ur up

TRUMP: https:/‚Ä¶"
788169886258397184,2016-10-18 00:08:39,RT @garyvee: Watch the highlights - #garageSaleHustle https://t.co/MIdKXQ2BkD
787787545497206784,2016-10-16 22:49:21,RT @Dory: me everyday: i am very very very very very very very very very very very very very very very very very very very very very very v‚Ä¶
787362326664056833,2016-10-15 18:39:41,"RT @jmartNYT: Many modern presidential candidates have attacked the media

But none invoked ethnicity

Until yesterday 

https://t.co/obzj0‚Ä¶"
787361872140001280,2016-10-15 18:37:53,"RT @StJoesMetuchen: Join us for Open House on Sun, Oct. 16, 11:30 am to 2:00 pm Thanks to our students who created this video as part of th‚Ä¶"
787276053521764352,2016-10-15 12:56:52,"RT @johngreen: Disgusted by Trump's victim-shaming. In my lifetime, there has never been such a reprehensible major party candidate for Pre‚Ä¶"
786721255034609664,2016-10-14 00:12:18,RT @FuggingBleb: THIS ACTUALLY HAPPENED https://t.co/oT7h7DWHhJ
786289772977324032,2016-10-12 19:37:45,RT @Iilcanon: Let me know if you still wanna vote for trump after this video.. Just watch... https://t.co/qmg3b7OIM0
786270928334360576,2016-10-12 18:22:52,"@_pdas0ndi üòò ""me too"""
786149567637164032,2016-10-12 10:20:37,@_pdas0ndi I just had to go to sleep it's not that serious
785794743166865412,2016-10-11 10:50:40,RT @verge: South Korean Burger King restaurants seem to have special Note 7-proof gloves https://t.co/2R119OHrGO https://t.co/ZRHAqJApSb
785564398639259648,2016-10-10 19:35:22,RT @carnivillain: Really disappointed to see this from the CEO of @stickermule. Time to find another source. üóëüî• https://t.co/Co4jJdKWKX
785564263712714752,2016-10-10 19:34:50,RT @realDonaldTrump: CNN is the worst - fortunately they have bad ratings because everyone knows they are biased. https://t.co/oFRfNY2rUY
785533863074336768,2016-10-10 17:34:02,RT @chancetherapper: The extremely limited hats w myself and @whitesox are now up @ https://t.co/m5rYnxzNGY
784390344486088704,2016-10-07 13:50:06,RT @StJoesMetuchen: Don't forget to vote for Dr. Ellis!!!  https://t.co/4l88NOGodq
784102621816692737,2016-10-06 18:46:47,"RT @HotNewHipHop: .@chancetherapper also discusses hurdles he faces with @TheGRAMMYs in @Billboard's cover story

https://t.co/RKh1QhwAiP"
784096151226183680,2016-10-06 18:21:04,RT @MKBHD: The #HYPE of a rumored Daft Punk 2017 tour is more than I can handle atm https://t.co/XuTLFhDUG4
784096002156466177,2016-10-06 18:20:29,RT @garyvee: https://t.co/RrVycKkjSx
783736408401973248,2016-10-05 18:31:35,@kettumusic when u bite ur tongue so hard u can't speak or eat for an entire day
783498357503385606,2016-10-05 02:45:39,each day it gets harder and harder to stay faithful to @Apple :( https://t.co/8ICT1SR6Ca
783475413351882754,2016-10-05 01:14:29,RT @OnionPolitics: Excited Tim Kaine Tells Moderator He's Going To Get Super-King-Sized Candy Bar If He Finishes Debate #VPDebate
783428741502529536,2016-10-04 22:09:02,"RT @shootbydaylight: At @makerfaire this weekend, @fwdmedia &amp; I met Click from @toool who taught us how to pick a lock in less than a minut‚Ä¶"
783387913119817729,2016-10-04 19:26:47,RT @Dory: tips if a clown confronts you https://t.co/Kvt6JaFAEC
783048066274304000,2016-10-03 20:56:21,RT @lax6561: Today begins my first 5 day school week all year. O boy
783047915874951169,2016-10-03 20:55:46,‚ÄúHow it feels to learn Javascript in 2016‚Äù by @jjperezaguinaga https://t.co/Qa3b3YnHJ9
782602587124170752,2016-10-02 15:26:11,RT @johnhoban42: When you finally get cheerleaders https://t.co/wZJIvLqrzA
781949014803615744,2016-09-30 20:09:07,"RT @prattprattpratt: Well if you mix up the letters of patronus you get ""anus port"" which incidentally I am."
781884931555360769,2016-09-30 15:54:29,"RT @HillaryClinton: This is...unhinged, even for Trump. A few notes. https://t.co/WURWs6aJ5f"
781698409589792769,2016-09-30 03:33:18,@kettumusic lmaoo word
781647664748331009,2016-09-30 00:11:40,"RT @Dory: COUNTDOWN TO:
Halloween - 31 days
Elections -  39 days
Thanksgiving - 55 days
Christmas - 86 days
2017 - 93 days"
781646892291788800,2016-09-30 00:08:36,"RT @WIRED: The rise and fall of BlackBerry, as told in photos of its best (and worst) phones https://t.co/CQryKXwnUs https://t.co/vwYTJNz2nV"
781628347197558784,2016-09-29 22:54:54,pray 4 Johnson https://t.co/kSvgXYvKhG
781306237493411840,2016-09-29 01:34:57,"RT @tmidao: van gogh used to eat yellow paint because he thought it would get the happiness inside him.

everyone has their yellow paint"
781263632294379521,2016-09-28 22:45:39,@kettumusic Ya
781263536160899072,2016-09-28 22:45:16,RT @B_Ross2boss: Name a more iconic duo.. I'll wait https://t.co/Ni1dtKsJFa
780836068035878912,2016-09-27 18:26:40,"RT @Dory: ""barack please don't leave me with them""
""joe you're leaving when I leave""
""oh right lmao love u"" https://t.co/P2Bps0UCCk"
780607564715323392,2016-09-27 03:18:41,RT @Seinfeld2000: debate recap https://t.co/KfnaH6C7pw
780599718997008384,2016-09-27 02:47:30,RT @JZarracina: Hillary Clinton was interrupted 40 times in the first 26 minutes of the presidential debate. (via @sfrostenson ) https://t.‚Ä¶
780599621223649280,2016-09-27 02:47:07,RT @OfficeScenes: #debatenight https://t.co/yTeC3jweE9
780589904434720768,2016-09-27 02:08:30,RT @realDonaldTrump: An 'extremely credible source' has called my office and told me that @BarackObama's birth certificate is a fraud.
780589851666214912,2016-09-27 02:08:17,RT @TheFix: Live look at Trump's birther answer https://t.co/CYhVuZOkBS
780536151312568320,2016-09-26 22:34:54,took a nap and dreamt about being verified on Twitter @twitter make it happen
780044154944512000,2016-09-25 13:59:53,"RT @MyCJ_Sports: With some football players protesting our National Anthem, here's what one team did for those who protect and serve https:‚Ä¶"
780044032567279616,2016-09-25 13:59:24,RT @anthonyscarlata: @tylerthecreator was turnt up at the saint pablo tour. #Yeezy #Pablo #Nashville https://t.co/9DTDXd9u1X
779774151284457472,2016-09-24 20:06:59,RT @Snap: Just setting up my Twitter. #myfirstTweet
779749345470058496,2016-09-24 18:28:25,RT @RyanKavanaugh: Snapchat Releases First Hardware Product: Spectacles - The Wall Street Journal https://t.co/G6RyMhhp02
779749328147648512,2016-09-24 18:28:21,RT @JohnPetersonPR: Here's how the new 115-degree-angle circular lens on @Spectacles will change how users experience @Snapchat. https://t.‚Ä¶
778800136923127816,2016-09-22 03:36:36,PREACH https://t.co/xMh2laEHft
778736113175269376,2016-09-21 23:22:12,"RT @itsPusher: An example of how I accept compliments:

Person: *music related compliment*

Me: haha, well it's crazy what you can do in yo‚Ä¶"
778723111977881600,2016-09-21 22:30:32,"RT @SaintJoesMedia: Did you miss our interview with Saint Joe's President Dr. Greg Brandao?  We have you covered, watch it here: https://t.‚Ä¶"
778612784074526720,2016-09-21 15:12:08,RT @jairahbanks: when you rewatch a movie and you finally get the reference https://t.co/AJtFOI3pon
778567590616727553,2016-09-21 12:12:33,RT @Dory: Other countries have way better commercials https://t.co/sozSnbKy6C
778446336383332354,2016-09-21 04:10:44,RT @garyvee: Check out this musical.ly: https://t.co/kvokcDqXW5 (made by @ garyvee with @musicallyapp) #garyvee https://t.co/YR0gFwpxrV
778431618910392320,2016-09-21 03:12:15,RT @chancetherapper: So if I do lose touch with you guys on here just know I'm still out here somewhere living and loving. https://t.co/jct‚Ä¶
778390907422900224,2016-09-21 00:30:28,@__fvc https://t.co/QUrMUTeKlv
778083842448060417,2016-09-20 04:10:18,"RT @BIackPplTweets: Hillary Clinton says ""Let's Make It Happen"" when told ""Hillary for Prison!"" üòÇüòÅüòÇ

https://t.co/SK0sPUWdhh"
778066213679366144,2016-09-20 03:00:15,RT @jonmarkgo: wtf https://t.co/Znb4neHk69
778060042381692930,2016-09-20 02:35:44,the world is my oyster
777847899216547840,2016-09-19 12:32:45,RT @declanslonim: @earlxsweat Before and after updating to IOS10 https://t.co/jHVEQrLFgR
777847614259822592,2016-09-19 12:31:37,"RT @Phil_Buck: ""You used to call me on my cell phone.""

 #ThingsNeverSaidInStarWars https://t.co/FXRDWpzCLM"
777843608091291648,2016-09-19 12:15:42,@kettumusic wow @ me next time
777398575613480960,2016-09-18 06:47:18,@tylerthecreator @KEEMSTAR @__fvc
777392711749996544,2016-09-18 06:24:00,@n_kashyap14 @SteveKopack Ye I'm good don't worry
777328675591192581,2016-09-18 02:09:32,"RT @sergeydgr8: The situation at 23rd and 6th in NYC. Explosion happened on 23rd, subway station blocked off. https://t.co/NPNjXqIerH"
777320102450593792,2016-09-18 01:35:28,@_pdas0ndi do it u won't
777310574564798464,2016-09-18 00:57:37,I'm like five streets away from here holy shit https://t.co/PGpTS3vd4g
777189486597967872,2016-09-17 16:56:27,Same https://t.co/Xwk5Yh8B49
776872385400172544,2016-09-16 19:56:24,all these people shitting on the iphone meanwhile https://t.co/R5ZasulUvn
776580715018321924,2016-09-16 00:37:25,@BrendanShank was it this https://t.co/H53WsieNHn
776578208154193920,2016-09-16 00:27:27,what it feels like to be an apple fanboy rn https://t.co/lzZ4sfwVYP
776229064743018496,2016-09-15 01:20:05,‚ÄúTo the 4 white male policemen who beat me for checking the health of a sick black man in their‚Ä¶‚Äù by @aliafshar https://t.co/BhWEbMUeH4
775764219597815808,2016-09-13 18:32:57,"RT @kettumusic: Lol, I hit 420 plays on my jade tearz remix https://t.co/nqWQOWlUya"
774397895911084034,2016-09-10 00:03:40,RT @GOODMUSIC: #FREEDESIIGNER
771891043251937280,2016-09-03 02:02:20,"RT @jewcup: Kaepernick sits down:

-When the 49ers play 
-When the National Anthem plays 
-When he takes a piss"
771377200524296197,2016-09-01 16:00:30,#BitcoinAirdrop introduces new students to the #blockchain ecosystem by giving away #bitcoin to hundreds worldwide https://t.co/R2jznENQgA
770614890293661697,2016-08-30 13:31:21,@jayrav13 loll rip
770608110662594560,2016-08-30 13:04:25,RT @StJoesMetuchen: Today is Student Orientation - All Grade Levels.  WELCOME BACK!!! https://t.co/Xze9PTgVVo
770480944872583168,2016-08-30 04:39:06,"RT @APEntertainment: BREAKING: Gene Wilder, star of ‚ÄòWilly Wonka‚Äô and Mel Brooks comedies, is dead at 83, his family says."
769642520296824832,2016-08-27 21:07:30,@Iamlucastrevor politicizing? who else do we know did this ü§î https://t.co/Rgs51A4fZX
768123208314654720,2016-08-23 16:30:18,@_dxvp üçÜüòâ
767920067250192384,2016-08-23 03:03:05,just had a 3 hour conversation about Legos with a 4 year old and long story short can I legally adopt a kid as a minor??
767534108620754945,2016-08-22 01:29:26,"RT @CloydRivers: Here‚Äôs the final medal count. Hey World, looks like the fat and lazy Americans whooped your ass.
Who‚Äôs your Daddy? https:/‚Ä¶"
767184838331858944,2016-08-21 02:21:33,"Frank Ocean should change his name to Frank Puddle, #Blonde was not worth the wait at all"
767172283974680576,2016-08-21 01:31:40,"New Frank Ocean, get it while im not in jail for doing this https://t.co/ZqoLCyLnUb"
767172144979730437,2016-08-21 01:31:07,@usmvnz fear not https://t.co/ZqoLCyLnUb
765368528237129728,2016-08-16 02:04:11,"RT @fucktyler: NOT POSSIBLE, WE'RE BOTH GAY  https://t.co/xoCXLyThPv"
765337777667997697,2016-08-16 00:02:00,RT @garyvee: You're Afraid to Fail Because of Other People's Opinions üëäüèªüòçüíÄ https://t.co/6ZqUibiATl
763503959722102786,2016-08-10 22:35:03,RT @_anthonycolucci: I get the same dirty looks when I wear a Penn State shirt that I got in high school for wearing a St. Joe's shirt
762836824955858944,2016-08-09 02:24:06,@Iamlucastrevor aesop ferg
762833053119045632,2016-08-09 02:09:07,my rapper name will be aesop rocky and i will rap folk tales and no one will stop me
762331149637148672,2016-08-07 16:54:44,"mlhprimedeejay #walkie request ""Hotel California"" by Eagles bid: 25"
762330667699073024,2016-08-07 16:52:49,"mlhprimedeejay #walkie request ""Donald trump"" by Mac Miller bid: 20"
761718638583943170,2016-08-06 00:20:50,@sherwinyu99 is it the women's volleyball tournament you perv
761717549306355712,2016-08-06 00:16:30,Team USA is probably in good spirits rn because no one could disappoint America as much as Frank did https://t.co/P63GJAbQY0
761293279254220800,2016-08-04 20:10:36,RT @jwoodham: Donald Trump asking about nuclear weapons is the biggest red flag since Voldemort asked about Horcruxes as a teenager at Hogw‚Ä¶
760981283916881920,2016-08-03 23:30:51,@sherwinyu99 u know it
760853849045204992,2016-08-03 15:04:28,@_dxvp üíô
760845850214039552,2016-08-03 14:32:41,If u think I'm actually a trump supporter you're actually stupid...stupidly right I'd build a wall for that man https://t.co/nYbMv3lGKs
760561079223193600,2016-08-02 19:41:06,@n_kashyap14 rip the dream
759920566547742720,2016-08-01 01:15:56,Lmao @realDonaldTrump https://t.co/8NqF5toRyt
759836462472888320,2016-07-31 19:41:44,RT @sensuaImusic: tf did I just watch üíÄüíÄüòÇ https://t.co/PDSo6rTWRH
759555812935233536,2016-07-31 01:06:32,whered the long hair go @n_kashyap14 ü§î
759463303366180864,2016-07-30 18:58:56,RT @jerrysaltz: @AnnCoulter https://t.co/Ov56bpBfii
759395508053999616,2016-07-30 14:29:32,RT @nickjonas: We're all human.. And shit happens sometimes. But whoever made this... Truly genius. üòÇ https://t.co/QP1ei102MF
759182377033854976,2016-07-30 00:22:38,RT @verge: Marvel decides not to split Avengers: Infinity War into two movies https://t.co/JhebCj54Kf https://t.co/O23oSymZJR
759162693190377472,2016-07-29 23:04:25,The fact that both Putin and Kim endorse @realDonaldTrump for pres should tell u that he'll bring us world peace https://t.co/dtduAY6V0t
759085064219136000,2016-07-29 17:55:57,https://t.co/xlWO7qYXSr The best article Buzzfeed has ever produced
759084679144280065,2016-07-29 17:54:25,RT @realDonaldTrump: What Bernie Sanders really thinks of Crooked Hillary Clinton. https://t.co/VgMaAsZBep
758292764845023233,2016-07-27 13:27:38,RT @realDonaldTrump: Not one American flag on the massive stage at the Democratic National Convention until people started complaining-then‚Ä¶
758261092753805312,2016-07-27 11:21:46,If anything at least Bernie's campaign gave us this wonderful gif https://t.co/8kTgaBHu0z
758110676665720833,2016-07-27 01:24:04,@AmieMusa @usmvnz tru I'd say bring it to me tomorrow but I'm traveling again
758109919748956160,2016-07-27 01:21:04,@usmvnz @realDonaldTrump @AmieMusa no ty I wanna wear it as the world ends around me after he's elected
758109558896230400,2016-07-27 01:19:38,@usmvnz @realDonaldTrump @AmieMusa hasn't even given it back yet üôÉüôÉ
757815393536712704,2016-07-26 05:50:44,The only reason I wouldn't vote for @realDonaldTrump is the fact that he backed Cincinnati Zoo's killing of Harambe https://t.co/B8823n0pNf
757711144018673668,2016-07-25 22:56:28,RT @DLin71: This convention has so many young people attracting ridicule for counterproductive protests that it‚Äôs legally considered a coll‚Ä¶
757681002508615681,2016-07-25 20:56:42,@iamlucastrevor @Logic301 all his stuff is just so good
756256052383850496,2016-07-21 22:34:28,RT @garyvee: Please read this several times - I've traveled a lot these last 10 years and this statemen‚Ä¶ https://t.co/Mp9GP0noP0 https://t.‚Ä¶
755967875492384769,2016-07-21 03:29:21,RT @FRC1626: Watching youth robotics on ESPN is beyond amazing
755620680578822144,2016-07-20 04:29:43,RT @TheDailyShow: üëÄ https://t.co/QEftnTTwy3
753948167947685888,2016-07-15 13:43:45,RT @richchigga: wen i have a kid im gonna name him harambe fuck it
753762740641140736,2016-07-15 01:26:56,"Hey @varelidi, enjoyed your talk at #HackconIV! I work at a makerspace and we wanted to do more w/ littlebits, any way I can get in touch?"
753738425723981824,2016-07-14 23:50:19,RT @CaseyNeistat: Thoughts are with the people of France right now.  Just tragic.  Crushing.  Heart breaking.
753380563298488321,2016-07-14 00:08:18,@kettumusic time to find someone else
753260502596325376,2016-07-13 16:11:13,RT @nytimes: Pok√©mon Go is proof that millennials are getting old https://t.co/dgHYOosJOn
752923155199561729,2016-07-12 17:50:43,RT @CNN: Pok√©mon Go maker: Coding error gave company access to your emails https://t.co/fniIXg4zNI https://t.co/3KYcI4BXaW
752911665948200962,2016-07-12 17:05:04,RT @verge: There was a horse whisperer on last night's #TheBachelorette and that's all you need to know https://t.co/zJ7lsknR2n https://t.c‚Ä¶
752710677836492801,2016-07-12 03:46:24,RT @WahlidM: ur pokemon won't save u from being a disappointment
752610006126690305,2016-07-11 21:06:22,RT @CNN: A #BlackLivesMatter protest ran into counter-protesters ‚Äî and hugged out their differences https://t.co/2OySvdFXPb https://t.co/xi‚Ä¶
752448066905468928,2016-07-11 10:22:53,"RT @mashable: Yep, people are now kayaking into the ocean to win gyms in 'Pok√©mon Go' https://t.co/GiaH1Ceqco https://t.co/68JFrcmlXD"
752316446441635840,2016-07-11 01:39:52,RT @Nettaaaaaaaa: .@deray is free. #AltonSterling https://t.co/aqaMbrZpaa
751863829873778688,2016-07-09 19:41:20,RT @ActionBronson: @vincestaples üî•üî•üî•üî•üî•üî•üî•üî•üî•üî•üî•üî•üî•üî•üî•üî•üî•üî•üî•üî•üî•üî•üî•üî•üî• ALWAYS !!!
751494083328274433,2016-07-08 19:12:06,"RT @CaseyNeistat: This is beautiful and lovely.  We need more of this ‚ö°Ô∏è ‚ÄúThe peaceful protest before the chaos in Dallas‚Äù

https://t.co/Nx‚Ä¶"
751402527652999168,2016-07-08 13:08:17,Colleges insist that they're all so unique but every info session I've been to has been nearly identical ü§î
751212597169401858,2016-07-08 00:33:34,RT @pxtvr: Fact of the day: Chief Keef is not allowed in New Jersey because his dumbass tried threatening the 856 here.
751149675789549568,2016-07-07 20:23:33,@rushilk67 Tyrion would be insulted by you calling him a supporting character
750873749461864448,2016-07-07 02:07:07,RT @ActionBronson: This fucking world is a sick place man.
750559387194912769,2016-07-06 05:17:57,RT @kwuchu: People stay trying to act that we live in a post racial society. Newsflash: We don't.
750071628453834752,2016-07-04 20:59:46,@n_kashyap14 pls
748875364055736320,2016-07-01 13:46:14,RT @ninagarcia: 57 Photos That Prove ‚Äú@GameOfThrones ‚Äù Is The Most Visually Stunning Show On TV https://t.co/owAOxHmor8
747667653192462337,2016-06-28 05:47:14,RT @ActionBronson: I'm coppin everything I'm done wit browsin.
747666044685279232,2016-06-28 05:40:50,RT @nytimes: If this was not the best season of #GameofThrones it was its most flat-out entertaining https://t.co/s2vN6dacLm https://t.co/e‚Ä¶
747193575490740225,2016-06-26 22:23:25,RT @chancetherapper: Music is all we got
746682817128456192,2016-06-25 12:33:50,RT @azizansari: Trump wants to ban Muslim immigrants like my parents. I wrote a piece for @NYTimes telling him to go fuck himself: https://‚Ä¶
746488807046840320,2016-06-24 23:42:55,Rohan M. is Live https://t.co/soB6jk0KXe
746002281867415552,2016-06-23 15:29:38,RT @Dory: We want that new album Frank https://t.co/YziZJXaYDr
743630432755920896,2016-06-17 02:24:45,@JBledsoe24 I feel bad bc your mom is probably a v nice lady
743629976105324544,2016-06-17 02:22:56,@JBledsoe24 ask ur mom
742745440534335488,2016-06-14 15:48:07,RT @dmasley: Post-@DistTrade #GenerationBlockchain cool off üåÇ https://t.co/pHaqsTGxQR
742157175821205505,2016-06-13 00:50:33,"RT @BlockchainEdu: #StLouis @DistTrade is border-agnostic: @MaxFangX from @BerkeleyBitcoin, Rohan from NJ and @DomSchiener from #Italy http‚Ä¶"
741709610151751680,2016-06-11 19:12:06,RT @BlockchainEdu: ATTN ALL #Hackers #Hustlers &amp; #Hipsters: Ready to #Blockchain? üöÄüöÄüöÄ https://t.co/rFYFe5G1fF https://t.co/2zzEzJK7Ca
740242687299858433,2016-06-07 18:03:04,@kettumusic https://t.co/PWMuNqzCxD
734479396510289925,2016-05-22 20:21:48,RT @DeSmetJesuitHS: Great job Spartans - way to show off your skills #CodeDay #DSJ  https://t.co/jN3ymHpClv
734391703612723202,2016-05-22 14:33:21,"RT @StudentRND: Quick tour of #CodeDay at @riotgames in #StLouis, thanks for hosting us! https://t.co/YzGCZnWPBH"
730358990723551234,2016-05-11 11:28:47,"@pxtvr not in NJ this time, they're flying me out to St. Louis to host an event there ü§ë"
730358815619751936,2016-05-11 11:28:05,RT @kettumusic: I wish I had more time to procrastinate
728714715606691841,2016-05-06 22:35:01,"@Pakible Awesome! Will do, thanks üòä"
728421481844232192,2016-05-06 03:09:49,"@Pakible Any way I can get a sample of your ""Launch"" box? It looks awesome but I'd like to be sure it is the right for me :)"
728361934127550465,2016-05-05 23:13:12,"RT @StudentRND: Announcing improvements to mentorship at CodeDay, with support from @LexisNexisRisk, @Splunk4Good, &amp; @TheHackerFund! https:‚Ä¶"
728333139043622912,2016-05-05 21:18:46,RT @StudentRND: Amazon Alexa is supporting #CodeDay. Borrow a loaner Echo and learn to build engaging voice experiences this May 21. https:‚Ä¶
720405132534415360,2016-04-14 00:15:42,If you haven't listened to every song by the Beatles you should really get on that
720021663350407168,2016-04-12 22:51:56,"@j_valentine25 Saw the EdTechNJ student speaker app, can a friend and I apply to speak together on an initiative we started together?"
719670240146288641,2016-04-11 23:35:30,RT @StudentRND: 28% of #CodeDay attendees are African American or Hispanic. We want to make that much higher next year! https://t.co/GUgNWZ‚Ä¶
719221955346440192,2016-04-10 17:54:11,Using @BlockchainEdu's #BlockchainMadness to decide which colleges to apply to üòâ
718927410331258887,2016-04-09 22:23:46,hi this is rohan
715210446580674561,2016-03-30 16:13:53,@jairahbanks I ate the swedish fish tho
715209851840950273,2016-03-30 16:11:31,@jairahbanks dw i didn't use it
707727019983949825,2016-03-10 00:37:25,RT @_anthonycolucci: 8 St. Joe's swimmers made All-GMC and 10 made All-Red Division #SJSwimming #38 https://t.co/vkXbHN3iCb
700458942598610944,2016-02-18 23:16:40,"RT @StJoesMetuchen: Our GMC Basketball Championship run begins tonight vs. Bishop Ahr in the Maglio Gymnasium, 7pm. Let's pack the Mag! htt‚Ä¶"
700194440376406016,2016-02-18 05:45:38,RT @SJFalconFlock: #SJHoops is playing BGA this Thursday 7pm @ Home. White out/wear falcon flock shirts. COME OUT AND SUPPORT
700043407016771584,2016-02-17 19:45:29,"RT @SenSanders: This week, millionaires stopped paying into Social Security for 2016. That's absurd. We must lift the cap &amp; expand Social S‚Ä¶"
699982901472006144,2016-02-17 15:45:03,@fanyeeet @jairahbanks pls
699777467620462592,2016-02-17 02:08:44,"RT @Snowden: ""please clap"" https://t.co/iAHUHlN3X1"
697881601921966080,2016-02-11 20:35:14,RT @StJoesDance: Rajat Aurora is here to teach you some of his favorite moves to get you ready for tomorrow #itslit https://t.co/BKHeC2UWoB
697881591180365824,2016-02-11 20:35:12,RT @StJoesDance: OFFICIAL RELEASE OF THE NEW REMASTERED VERSION OF RAJ'S MOVES üî•üî•üî•üî•üî•üî•üî•üî• #itslit https://t.co/FooF3DLrVu
697723935211790336,2016-02-11 10:08:43,"RT @TheDailyShow: Carly and Christie are out. Bernie is on fire. Trump is‚Ä¶ Trump, and @RoyWoodJr survived New Hampshire. Tonight at 11/10c."
697540050611994624,2016-02-10 21:58:02,RT @AP: BREAKING: Christie campaign: New Jersey governor ends his bid for the Republican presidential nomination.
697241098155065344,2016-02-10 02:10:06,"RT @BernieSanders: When we stand together, we win. Thank you, New Hampshire! https://t.co/dPV9qISkHO"
689596951684321281,2016-01-19 23:55:00,RT @UnboxTherapy: Stakes = Raised. Giving away 3 iPhones! Vote @Klow7 for All Star. RT to cast your vote &amp; enter! #NBAVote @Raptors https:/‚Ä¶
669168607574794240,2015-11-24 15:00:03,"RT @SMACKHighNJ: ""The only school that would have a sign saying ""JESUS LOVES US MORE"" on the fence on the football field"" -St Joes"
669168578529255425,2015-11-24 14:59:56,"RT @SMACKHighNJ: ""We don't need a band to cover up a trashy football team. We always win. #35-0 #BeatBGA"" -St.Joes Metuchen"
661768042897088512,2015-11-04 04:52:51,RT @UnboxTherapy: Gonna start announcing iPhone winners tomorrow‚Ä¶ RT if you‚Äôre in! https://t.co/E3LpkUpvkl
659432965940867072,2015-10-28 18:14:05,RT @UnboxTherapy: NEW VIDEO - Giving away a few iPhones - https://t.co/etAw5Oc1lN RT! https://t.co/PT6EQdyO5I
656587665236697088,2015-10-20 21:47:52,RT @hackBCA: Have a friend that's interested in coding? Check out CodeDay NJ (Nov 7-8) (https://t.co/MfnYcmzLdG) and use HACKBCA for discou‚Ä¶
656244504626860032,2015-10-19 23:04:16,@_pdas0ndi https://t.co/7r1fqS6s04
653576949416226816,2015-10-12 14:24:22,"@MKBHD Hey Marques, that's precisely what we do at @CodeDay, we'd love to have you at our event in NJ. Did you get my email? Thanks :)"
652930834937344000,2015-10-10 19:36:56,RT @_pdas0ndi: @meeshbhoombah tf u doing
652820692048695296,2015-10-10 12:19:16,RT @MLHacks: A big part of #LocalHackDay is learning about new tech! Check out https://t.co/1G7mjyAzBm for some awesome workshops! http://t‚Ä¶
652551152098279424,2015-10-09 18:28:13,RT @Choplogik: i feel this gif just encapsulates so much of our current reality http://t.co/KFnnc50hRB
652297685488283649,2015-10-09 01:41:01,"RT @MLHacks: ""We attached a @Pebble smartwatch to a tennis racket"" Really awesome Top 5 hack! @theHackRU #HackRUix http://t.co/vR9l2B58tA"
651904044194267137,2015-10-07 23:36:50,@rushilk67 wow dude subtweet her next time u won't
649651009615171584,2015-10-01 18:24:05,@MKBHD did you get an email about CodeDay?
649542426483400704,2015-10-01 11:12:37,"RT @WIRED: Soon, you'll be able to use a GIF for your Facebook profile photo http://t.co/zNT9CaXkJP"
649112042201333760,2015-09-30 06:42:25,RT @Snowden: Can you hear me now?
649043338142859264,2015-09-30 02:09:25,"@arabban I sent you an email the other day about something called CodeDay NJ, could you take a look at it? It would mean a lot to us :)"
648693574746423296,2015-09-29 02:59:35,"@br0hith Not where I live, but if the employees are chill u might be able to"
648615237533466624,2015-09-28 21:48:17,RT @nytimes: Lessons from a fifth-grade loan shark http://t.co/Vy6rX4beey
648615070516297728,2015-09-28 21:47:38,@JBledsoe24 That's not safe rip drone
648286273195667457,2015-09-28 00:01:06,"@UltraWide_Fest 16,000 entries!"
647777817124585472,2015-09-26 14:20:41,RT @TechCrunch: Uber has a new pre-paid ride service called UberEVENTS http://t.co/IbgiSwas1l
647572424679124992,2015-09-26 00:44:32,"@MKBHD I sent you an email the other day about something called CodeDay NJ, you get it?"
646870558148313090,2015-09-24 02:15:33,RT @MLHacks: Who's excited for shiny new @Alienware laptops in the Hardware Lab? Our own @CarlFlamingo is testing one out at HQ! http://t.c‚Ä¶
645441444140990464,2015-09-20 03:36:46,"RT @MKBHD: Response to Apple's ""switch to iOS"" app on the Play Store. Well played haha

https://t.co/LVzl8H4ljN http://t.co/cLIJmescPd"
644701965394558978,2015-09-18 02:38:21,"@MKBHD while you're waiting check your email, I sent you something a couple days ago about CodeDay NJ"
644684165095555072,2015-09-18 01:27:37,"RT @MLHacks: Happening this weekend, it's @BigRedHacks @HackISU @HackTheNorth #WUHack &amp; @HackPuertoRico! Will you be joining in? http://t.c‚Ä¶"
644332652770775040,2015-09-17 02:10:50,RT @imjaredz: HIGH SCHOOLERS CHALLENGE: Learn to build a clock from scratch Bring it to school to #IStandWithAhmed. RT if you will http://t‚Ä¶
644331606757519360,2015-09-17 02:06:40,"@MKBHD Sent you an email abt CodeDay NJ the other day! We'd love to have you there + it'd mean a lot to the students, please take a look."
627900440131313664,2015-08-02 17:55:05,:) https://t.co/uYmGMsuYft
627651472814047232,2015-08-02 01:25:46,@DCHacksOfficial I cri everytim
626067741548613632,2015-07-28 16:32:36,RT @SwiftAlphaOne: 1. The @MLHacks hardware lab is HUGE for hardware companies. Top 5 have all been there since day zero. http://t.co/vHJSS‚Ä¶
626055609310408705,2015-07-28 15:44:23,RT @tobyshorin: I think I just signed up to give a talk to impressionable high schoolers. I am a horrible person
622142824964857860,2015-07-17 20:36:22,RT @MLHacks: All these new hackathon organizers ready to start changing the game! #hackcon http://t.co/o7rLXdPjbj
622142731482198016,2015-07-17 20:36:00,RT @MLHacks: Can't wait for üçÇFall Season! Who feels the same? http://t.co/Yoh0tN4iw4
621494609210920961,2015-07-16 01:40:36,RT @CHE_Hacks: Join 150 high school students and open the doors to programming at CHE hacks on Nov 7-8. Stay informed at http://t.co/cxQHWU‚Ä¶
615836515411881984,2015-06-30 10:57:21,RT @verge: Uber wants to help you hail a boat http://t.co/Y1VviE49LH http://t.co/o8jMt10Oeq
615612386393890820,2015-06-29 20:06:45,Free Movie icon set by @samuray_design. #freebies #psd Download from here‚Äù http://t.co/VCkpe5E0Z6
604112979173363712,2015-05-29 02:32:12,@JLin7 Hey man don't mess with my homie Johnson
595543667621961729,2015-05-05 11:00:49,RT @MLHacks: Hey Hackers! You in and around Tampa? Come check out the #Project34 hackathon! http://t.co/6MC6PsLdBQ
592338387442499586,2015-04-26 14:44:11,RT @NJYAG: @meeshbhoombah campaigning to grow our social media department http://t.co/VZcmfYlWZu
592319277656604673,2015-04-26 13:28:15,"RT @NJYAG: @meeshbhoombah good luck today running for Editor and Chief, great job in press! Keep it up!"
592318922453590016,2015-04-26 13:26:50,@NJYAG &lt;3 #yagbrag
591923104189919232,2015-04-25 11:14:00,RT @MLHacks: With a room this pumped you know we're going to see some ingenious hacks this weekend! @redbirdhacks http://t.co/hb7JDSZ3ud
591589533994639360,2015-04-24 13:08:30,"RT @JUICETANK: ""Ever tried. Ever failed. No matter. Try again. Fail again. Fail better.‚Äù - Samuel Beckett"
587455772247855105,2015-04-13 03:22:25,RT @wikileaks: Hillary Clinton has stolen our innovative WikiLeaks twitter logo design. Compare: @WikiLeaks vs @HillaryClinton http://t.co/‚Ä¶
587265114232979456,2015-04-12 14:44:48,RT @MLHacks: First time hackathoners from Team SpaceShield one the first price at #SpaceAppsMLI http://t.co/geTUTE56lw
582206693930582016,2015-03-29 15:44:27,RT @usmvnz: im gonna win this yes. good luck to all jk just me #winners  #intelmaker #lenovodev #hackbcaii
581925520671137793,2015-03-28 21:07:10,RT @hackBCA: Ricky from @twilio!!! #hackBCAII http://t.co/S4TUhMLutt
581920465586905089,2015-03-28 20:47:05,RT @hackBCA: Jeremy from @makeschool!! #hackBCAII http://t.co/rdx81YzXs2
581919228464361472,2015-03-28 20:42:10,RT @iamwill: If you want more entertainment next week...vote #teamWILL we rock... http://t.co/7AohRtorsV
581919079193264128,2015-03-28 20:41:34,"#hackBCAII hyppppee, can't wait to learn to use an Edison #intelmaker &lt;3 &lt;3 &lt;3 &lt;3"
581904561901694976,2015-03-28 19:43:53,RT @dN0t: TIL there were collectible cards for the first Persian Gulf War. http://t.co/XEXS7qKhKR
581642145976741889,2015-03-28 02:21:08,"RT @Pebble: Thank you, Pebblers‚Äîyou're amazing! Time to #MakeAwesomeHappen for you. Let's do this!
http://t.co/egaUyW1wpr http://t.co/mKhoQ‚Ä¶"
581641639812337664,2015-03-28 02:19:07,RT @mashable: James Bond's past holds a secret in the first 'Spectre' teaser trailer http://t.co/Tn9LlGwPPV http://t.co/klOUqM0D7h
581641565787054080,2015-03-28 02:18:50,"RT @superandomness: Venmo API talk at 10:30! &lt;3

@SpartaHack #LiveByTheCode"
579296346122772480,2015-03-21 14:59:46,RT @MLHacks: Swag! Swag everywhere! Find @kurtalee at #AnvilHack @hacksmiths for all your hackathon swag needs! http://t.co/wp4AtNYOwt
577241923376807936,2015-03-15 22:56:13,"RT @hackBCA: Excited to announce that @eliothorowitz, cofounder of @MongoDB will be a judge at #hackBCA II! http://t.co/fpBTadpzop"
577237323009634304,2015-03-15 22:37:57,"RT @Pebble: .@sabledrakon You‚Äôre looking for Digits üëç
http://t.co/YhtcTrbuKI http://t.co/PxaLjyzK4u"
576562802200064000,2015-03-14 01:57:38,RT @nytimes: News: What We‚Äôre Reading http://t.co/8zIDnbOU5h
575848337796132866,2015-03-12 02:38:37,"RT @NASA: Ground crews wrap #AstroButch in blankets to keep him warm. He completed 4 spacewalks, now has 178 days in space. http://t.co/Hya‚Ä¶"
575467782050992128,2015-03-11 01:26:25,RT @verge: The next iPhone could be pink and have a pressure-sensing screen http://t.co/RL7f927gfr http://t.co/8CdnxIgU1F
572113832707026946,2015-03-01 19:19:01,RT @RaspberryPiGuy1: For those of you who missed the huge @Raspberry_Pi 2 news this morning 1) where have you been?! 2) watch this! http://‚Ä¶
570550556441366528,2015-02-25 11:47:07,If you add #growth #hacking to any one of your tweets you'll be favorited by people you don't know #famous
570364606897528832,2015-02-24 23:28:13,Watch this #growth #hacking
569678432256135168,2015-02-23 02:01:37,RT @baris_wonders: #hack4humanity http://t.co/4rKipM9RzN
569271754083995648,2015-02-21 23:05:37,"RT @MITBlueprint: @baris_wonders is awesome! If you loved the video he showed during his presentation- have no fear! It is here! 

https://‚Ä¶"
569270667562115072,2015-02-21 23:01:18,RT @MITBlueprint: @meeshbhoombah @danielhaaser shout out to @makeschool for the iOS lessons
569161074018287616,2015-02-21 15:45:49,RT @nytimes: NYC's first new micro-apartments will soon be ready http://t.co/WDA7q8oNYv http://t.co/QAL1fyHqqQ
569156946395303936,2015-02-21 15:29:25,"Thanks @danielhaaser for helping me build ""Not Pokemon"" at @MITBlueprint, we're only two hours in and I'm having a ton of fun #learning #iOS"
568160090597007360,2015-02-18 21:28:16,Hey @neiltyson would you be open to judging a #hackathon one day? I'd love to have you at #FalconHacks in June!
567874158400516096,2015-02-18 02:32:04,#wemadeit Code Day NJ went pretty well! Thanks to all those who came
565527771221618690,2015-02-11 15:08:22,"RT @imariari: Hackathons in high school? Yup, and they're having an impact.

http://t.co/46yDKqPXiH http://t.co/VvZc1RPJNM"
565515264679497728,2015-02-11 14:18:40,"Challenging myself to submit 1 PR a day for a year, let's see how it goes #pr #Github #hackathon"
565380772207792128,2015-02-11 05:24:15,Code Day NJ is coming! Follow us on Facebook for more info about the event - https://t.co/hsPHf4nwiQ #CodeDay #studentrnd #newjersey
562843462660534273,2015-02-04 05:21:53,"RT @1Password: #protip When @WorkflowHQ for iOS and I team up, we can make the magic happen in @googlechrome for iOS. https://t.co/uteBKJy5‚Ä¶"
562803221480349698,2015-02-04 02:41:59,"RT @gcvp: Congrats @MLHacks! Great to see 230 organisers, 91 schools &amp; 6 countries represented at #hackcon @badboyboyce @slazar http://t.co‚Ä¶"
562302850672648192,2015-02-02 17:33:41,RT @MLHacks: #SharkHacks5000 is real - there's a robot unicorn at #sb49 sponsored by @digitalocean? #hackcon http://t.co/X96xxJkfWy
562088715586392064,2015-02-02 03:22:47,"RT @nytimes: Patriots 28, Seahawks 24: Patriots Win Super Bowl XLIX, Defeating Seahawks http://t.co/VGWuod7N25"
561889450327040000,2015-02-01 14:10:59,RT @mashable: Japan mourns after video shows beheading of journalist Kenji Goto. http://t.co/55GKE1xxXD http://t.co/t0laAitv8x
561568775607439361,2015-01-31 16:56:44,"RT @dN0t: Hate, hate, hate following @SwiftAlphaOne's act - one of the toughest ones in show business to follow: http://t.co/7lpqvJUEEB"
560089594021285888,2015-01-27 14:58:59,Working on my personal website right now! http://t.co/zsa4UpAJ9l #opensource #github
559752259643654145,2015-01-26 16:38:33,RT @wdtuts: Any idea what this CSS selector will do? .class || td {}  http://t.co/j8yNIpzqPX http://t.co/Vk1lqd6ywB
559415159228493825,2015-01-25 18:19:02,@FullContactInc is honestly the best #CRM. #hackathons #sponsors #planahackathon
558312449804623872,2015-01-22 17:17:15,RT @HSHackersNYC: Registration for CodeDay New Jersey is now open! Use promo code HSHACKERS for 25% off: https://t.co/tqPo6Zjbze http://t.c‚Ä¶
558006698867458048,2015-01-21 21:02:18,"RT @markmcc: Today, see @jessiwrites exclusive @wired hands-on with #Microsoft HoloLens: http://t.co/CACgAQATBJ"
556274309896110080,2015-01-17 02:18:25,"Thanks @PennApps, I'll try to keep that in mind next time üòÇ #PennApps #oops http://t.co/UKfHgXTMU0"
556238567287296000,2015-01-16 23:56:23,Get well Pauleen! #getwellpauleen
556157769049702400,2015-01-16 18:35:19,On my way to PennApps #MLH #PennApps
552264020846460929,2015-01-06 00:42:57,2015 will be the year of the high school hackathon #hshackers #falconhackscomingsoon
551798498191228928,2015-01-04 17:53:08,Learning Ruby #Ruby #hackathon
550298873164754945,2014-12-31 14:34:10,The Indian Gov. blocked GitHub + more on anti-terror grounds. #what #india #freegithub - http://t.co/mhG7JP0ag4
550083548049580033,2014-12-31 00:18:32,"@jenny_rooney I wanted to get in contact with Michael Simon, I'm a hs student that had a few questions for him. Could you connect us?"
548868172665733122,2014-12-27 15:49:04,http://t.co/JTgMLhvGzZ is an amazing resource for iOS development. Just bought it! Am super happy with my purchase!
548616254664105985,2014-12-26 23:08:02,An awesome repository of jQuery plugins! http://t.co/fhWn3lXR0s #jquery #javascript
548102961830703105,2014-12-25 13:08:24,"Startups, This Is How Design Works: A guide to understanding digital &amp; physical product design for startups by @wr http://t.co/ManXs7ejEb"
547983326146224128,2014-12-25 05:13:00,"RT @mashable: .@SethRogen would rather you watch ""The Interview"" in theaters. Here's an updated list of where you can do that: http://t.co/‚Ä¶"
545912033112506368,2014-12-19 12:02:25,http://t.co/vbsF8zAV29 - parallax website done right!
545721914556420096,2014-12-18 23:26:58,"@CodeDayNJ is on its way! Follow us on twitter, and like us on facebook @ http://t.co/9vZLxDOyiA"
545391756553244674,2014-12-18 01:35:02,"Found this on /r/web_design and contributed to it myself, it is really lovely! http://t.co/xjC7QXB4sr"
545308093291429890,2014-12-17 20:02:35,RT @MLHacks: MLH spring stickers just arrived today! Who's ready for spring hackathons?! http://t.co/uCFRfuGKu6
545111441951707136,2014-12-17 07:01:10,"RT @CNN: As the year comes to a close, #CNN looks back at those who are gone, but won't be forgotten: http://t.co/4OplAV3WGV http://t.co/9Z‚Ä¶"
542270191703703553,2014-12-09 10:51:03,Check out this really awesome tutorial on making low poly images! http://t.co/LouowpEAH4 #logodesign #LowPoly #Photoshop
542263583456108544,2014-12-09 10:24:47,CodeDay NJ is on its way! Can't wait. #CodeDay #NJ
533648441747210241,2014-11-15 15:51:17,@kpourdeilami Nice!
533372374369181697,2014-11-14 21:34:18,@kpourdeilami Saw your blogpost. how do I get rid of that 300ms lag you mentioned? Also hi again lol
527944885748633601,2014-10-30 22:07:24,RT @joshanatalio: I have 50 #Inbox by Google invites to give out! I will be giving out 25 on Twitter  25  Facebook at 9pm ! Follow + RT thi‚Ä¶
522184189131493377,2014-10-15 00:36:27,Just entered to win an amazing Canon Rebel DSLR Camera &amp; Epic Photography Courses. If interested:  https://t.co/G8DGdQAtKa via @StackSocial
521775850224898048,2014-10-13 21:33:51,@DellU_NJ @theHackRU Awesome Dell guy trying to fix my laptop at #HackRU http://t.co/HCRr6R19jb
521774473486532608,2014-10-13 21:28:23,Hello Twitter! #myfirstTweet
521013429381783553,2014-10-11 19:04:16,"@DellU_NJ @MLHacks word, preach"
